SampleID;606.wt.f;786.wt.m;773.tg.m;397.tg.m;504.wt.m;267.flox.m;635.tg.f;408.tg.f;822.wt.m;249.tg.f;462.flox.f;613.flox.f;455.flox.m;727.tg.f;405.tg.f;371.tg.m;503.wt.m;501.wt.m;592.flox.f;550.wt.m;343.tg.f;835.wt.m;599.wt.f;553.wt.f;594.tg.f;552.wt.m;776.tg.f;591.tg.f;831.flox.m;374.tg.m;779.flox.m;515.wt.m;294.flox.f;307.tg.m;834.wt.m;233.tg.f;593.tg.f;457.flox.m;634.flox.f;528.wt.f;460.flox.f;628.flox.f;398.flox.m;622.wt.f;530.wt.f;210.tg.m;526.wt.f;616.wt.f;456.flox.m;780.flox.m;470.tg.m;243.flox.m;830.tg.m;357.wt.m;772.flox.m;293.flox.f;629.flox.f;527.wt.f;781.flox.m;238.flox.m;350.tg.m;728.flox.f;336.tg.f;783.flox.m;312.tg.m;292.flox.f;821.wt.m;395.tg.m;774.tg.m;379.tg.m;670.tg.f;461.flox.f;788.wt.m;669.flox.f;296.flox.f;396.tg.m;364.tg.f;621.wt.f;782.tg.m;900.tg.m;295.flox.f;344.tg.f;603.wt.f;265.wt.m;520.wt.f;903.tg.m
"Bacteria;Bacteroidetes;;;;;";661;629;447;0;1001;1187;379;1;656;2998;535;750;689;697;880;0;1413;758;801;536;525;774;614;1604;533;1219;861;1252;391;1162;904;841;2111;1;211;2390;485;1356;654;673;1065;1317;973;503;883;33;943;633;1159;1204;1772;870;428;936;812;1064;1655;1150;886;849;0;1101;15;282;32;769;495;9;891;22;567;882;415;1539;1231;1;5;556;608;1483;1200;72;800;1057;793;653
"Bacteria;Firmicutes;Clostridia;Clostridiales;Lachnospiraceae;;";175;450;141;19;32;423;21;2;361;86;300;805;658;418;0;904;66;27;240;834;1;260;166;191;288;574;744;163;704;176;501;732;661;0;230;1;55;969;611;277;447;0;349;83;25;156;195;368;335;426;41;0;374;782;848;748;129;16;880;528;249;2;2;1329;289;122;341;1;771;43;422;478;420;696;493;1;2;298;1060;44;342;7;166;318;185;163
"Bacteria;Firmicutes;Clostridia;Clostridiales;Ruminococcaceae;Anaerotruncus;";55;144;2;40;32;58;2;70;14;27;81;137;263;35;185;60;14;121;60;73;136;27;9;116;7;63;63;17;157;96;236;36;95;18;122;4;45;142;58;95;81;154;72;62;29;279;20;85;192;96;50;32;47;227;143;37;216;136;186;85;192;139;112;158;119;18;45;29;13;26;33;134;178;171;107;34;76;75;44;105;43;10;6;88;115;100
"Bacteria;Firmicutes;Clostridia;Clostridiales;Lachnospiraceae;;";4;4;7;3;220;82;4;11;12;2;4;10;1;1;24;43;80;314;2;6;0;3;2;3;7;17;6;7;5;0;1;390;3;0;6;0;3;2;10;27;12;9;1;1;1138;18;26;1;9;3;1;5;8;5;4;5;27;45;2;10;2;6;111;2;2;4;2;1;5;36;6;4;4;40;6;0;32;4;8;2;6;0;4;244;10;8
"Bacteria;Firmicutes;Clostridia;Clostridiales;Lachnospiraceae;Blautia;";167;140;99;32;15;76;21;0;177;0;23;199;154;266;17;36;22;7;113;172;3;34;216;2;9;2;91;129;192;4;98;4;1;4;50;1;16;6;35;3;44;336;3;5;25;3;0;10;15;188;3;1;2;0;419;1;21;43;24;14;1;36;2;88;8;1;2;2;82;18;199;6;210;445;0;19;8;81;2;41;0;1;109;9;4;285
"Bacteria;Bacteroidetes;Bacteroidia;Bacteroidales;S24-7;;";96;67;40;2;48;245;114;46;86;436;108;105;34;8;144;0;26;78;297;29;125;75;24;32;15;64;33;87;109;232;107;62;141;186;106;100;29;17;7;58;155;116;49;111;22;126;45;66;30;127;30;355;24;38;78;151;5;103;168;183;40;44;94;70;66;102;143;104;20;218;6;129;99;45;145;25;124;64;102;10;68;193;21;47;74;10
"Bacteria;Bacteroidetes;Bacteroidia;Bacteroidales;S24-7;;";17;9;1;60;10;65;6;114;9;130;35;15;13;2;157;113;12;15;17;2;84;16;6;12;2;19;0;3;7;136;9;22;17;247;15;308;0;4;0;26;44;30;10;10;14;71;11;9;3;23;76;63;1;20;4;27;1;10;17;31;41;10;157;1;256;36;6;126;1;64;0;46;2;3;46;670;112;6;1;1;25;103;2;15;26;1
"Bacteria;Firmicutes;Clostridia;Clostridiales;Defluviitaleaceae;;";19;22;16;73;32;7;12;67;17;59;28;6;15;28;68;216;44;49;12;42;104;6;13;30;51;42;1;59;15;42;12;57;19;75;11;36;22;14;9;13;18;20;3;34;12;45;8;45;18;17;134;13;3;6;12;25;26;20;10;12;80;25;176;2;110;7;3;87;14;163;7;30;12;40;17;35;141;94;10;42;16;66;11;24;17;16
"Bacteria;Bacteroidetes;Bacteroidia;Bacteroidales;Porphyromonadaceae;Parabacteroides;";11;7;0;225;11;51;12;178;5;149;24;7;10;2;256;672;26;52;20;21;173;10;4;30;3;22;0;4;14;62;6;88;102;490;9;418;0;9;1;98;52;9;21;5;23;59;17;9;8;14;46;28;1;64;11;75;4;76;33;16;42;4;275;7;90;94;5;422;10;295;0;29;9;2;67;846;274;20;13;3;49;229;0;85;87;0
"Bacteria;Tenericutes;Mollicutes;Anaeroplasmatales;Anaeroplasmataceae;Anaeroplasma;";70;110;15;0;67;8;3;0;14;0;1;0;0;38;4;0;67;105;0;12;38;0;28;11;0;35;378;0;0;0;0;14;0;0;0;0;0;0;0;12;0;80;0;0;44;0;36;0;0;249;0;0;0;6;85;0;485;475;0;0;0;39;115;0;0;0;38;0;27;0;0;15;0;0;0;0;0;0;0;0;2;0;31;39;43;0
"Bacteria;Proteobacteria;Deltaproteobacteria;Desulfovibrionales;Desulfovibrionaceae;Desulfovibrio;";2;4;24;59;1;0;68;55;28;33;1;7;2;42;44;293;6;0;36;58;66;1;56;18;36;21;50;51;12;162;9;3;1;18;7;90;16;0;8;21;0;12;0;30;18;113;0;41;1;3;56;2;41;39;24;2;14;2;24;0;66;1;180;11;97;0;13;117;25;151;20;0;21;37;0;292;120;15;27;17;1;42;48;0;1;11
"Bacteria;Bacteroidetes;Bacteroidia;Bacteroidales;S24-7;;";3;43;3;42;34;51;37;165;14;40;11;5;16;1;88;16;46;67;20;7;60;36;19;8;17;41;0;73;6;61;5;19;36;26;22;33;25;5;1;9;42;5;15;15;18;40;25;2;12;47;135;33;5;27;16;34;3;50;11;10;20;5;54;3;95;34;10;175;8;67;0;36;6;3;40;131;123;7;90;9;9;119;20;12;24;5
"Bacteria;Firmicutes;Clostridia;Clostridiales;Lachnospiraceae;Blautia;";48;152;33;233;463;310;27;2;277;200;185;95;208;97;348;3;702;429;55;322;949;251;198;254;123;436;129;61;148;581;242;374;171;5;37;385;104;153;30;244;180;99;173;99;127;973;333;69;1251;387;673;0;41;235;57;214;111;318;268;260;0;297;305;263;526;33;167;1;47;16;255;168;161;419;14;0;284;55;149;148;27;5;480;356;525;640
"Bacteria;Firmicutes;Clostridia;Clostridiales;;;";2;1;1;0;69;10;2;1;1;20;4;45;42;3;0;0;9;82;15;0;17;3;5;86;0;20;1;1;16;55;16;192;278;8;17;3;1;363;5;85;34;21;22;106;48;40;37;155;63;15;12;17;26;349;94;15;18;190;14;70;46;24;13;31;14;48;2;1;11;2;1;44;40;10;150;0;9;29;6;5;185;0;2;155;71;10
"Bacteria;Bacteroidetes;Bacteroidia;Bacteroidales;S24-7;;";2;3;2;62;16;124;2;153;6;139;28;7;15;1;415;137;19;23;16;34;120;5;4;8;0;19;1;1;10;180;7;40;18;117;6;383;1;8;2;20;83;18;17;6;13;159;11;1;5;25;83;75;2;33;6;40;4;39;13;54;102;8;240;6;291;32;6;200;0;137;0;32;6;3;31;720;152;2;4;3;22;126;3;34;32;0
"Bacteria;Firmicutes;Clostridia;Clostridiales;Lachnospiraceae;Roseburia;";129;60;32;0;82;12;3;23;88;2;4;43;25;27;0;1;500;352;43;11;0;5;90;1;0;12;62;13;29;4;8;9;1;0;1;2;0;16;6;25;7;10;1;19;2;0;8;1;12;54;1;0;0;58;702;0;13;9;6;15;15;122;0;10;1;2;19;0;148;0;215;1;389;69;26;0;0;23;114;36;30;0;2;8;6;27
"Bacteria;Bacteroidetes;Bacteroidia;Bacteroidales;S24-7;;";96;51;35;77;42;83;11;141;22;123;92;115;37;33;66;186;53;80;141;51;46;75;49;51;10;37;17;21;71;43;83;23;65;16;99;38;7;19;16;36;153;235;24;104;23;78;28;47;111;120;113;220;19;28;102;55;105;58;103;83;77;110;32;70;76;90;34;250;17;74;18;198;58;55;114;153;105;38;91;3;75;181;54;75;80;6
"Bacteria;Firmicutes;Clostridia;Clostridiales;Lachnospiraceae;;";0;0;0;0;1460;262;0;0;1;16;1;11;1188;0;0;0;50;63;2441;0;45;58;0;1487;1429;189;154;1;6;0;0;7;183;0;1536;0;2660;1154;0;1824;16;0;682;1906;174;1;1718;1515;136;0;0;1928;1872;1576;10;562;1;225;0;0;0;0;0;293;153;0;485;0;1;0;0;237;1;1;547;0;264;1346;0;1;888;0;0;686;757;2
"Bacteria;Firmicutes;Clostridia;Clostridiales;Peptococcaceae;;";47;53;10;17;62;80;15;76;55;86;47;68;64;35;40;67;89;89;54;19;74;32;19;58;19;100;41;27;42;89;58;77;117;54;52;41;7;61;27;65;73;54;59;63;90;74;55;34;74;59;52;64;55;57;61;87;28;122;64;59;117;44;59;55;84;85;28;108;23;69;12;80;50;69;95;11;50;73;32;52;95;70;30;60;85;62
"Bacteria;Firmicutes;Clostridia;Clostridiales;Lachnospiraceae;Blautia;";20;51;26;2;2;35;4;0;57;12;35;82;74;85;0;108;15;3;45;110;0;43;16;22;38;64;139;31;102;17;41;100;70;0;33;0;12;109;39;21;56;0;34;17;3;18;13;51;37;43;6;0;45;88;114;88;20;2;104;65;20;1;0;139;27;13;52;0;114;2;66;51;77;73;59;0;0;52;116;10;53;1;18;28;18;20
"Bacteria;Bacteroidetes;Bacteroidia;Bacteroidales;Porphyromonadaceae;Parabacteroides;";0;1;0;35;1;6;0;29;2;2;10;0;2;1;133;76;2;1;0;1;31;0;2;1;0;3;0;0;1;6;0;3;16;583;0;72;0;6;0;18;6;0;0;1;3;3;1;0;7;4;2;6;0;2;1;6;0;6;0;1;6;0;26;0;14;8;1;248;0;65;0;2;0;1;14;966;138;0;0;0;1;22;0;17;11;0
"Bacteria;Bacteroidetes;Bacteroidia;Bacteroidales;Porphyromonadaceae;Parabacteroides;";0;0;0;39;3;8;0;35;2;103;0;0;1;0;417;93;9;5;0;6;150;0;0;4;0;2;0;0;0;100;0;37;9;263;0;335;0;0;0;13;0;0;1;0;8;61;1;0;0;0;39;3;0;20;0;12;0;6;0;3;18;0;149;0;69;6;0;315;2;326;0;0;0;0;18;760;89;0;3;0;5;262;0;15;13;0
"Bacteria;Firmicutes;Clostridia;Clostridiales;Lachnospiraceae;;";95;57;16;1;79;30;1;69;0;23;39;48;46;40;5;129;49;55;0;46;2;58;106;16;36;51;1;34;27;39;38;67;41;0;53;11;9;38;5;11;36;18;25;0;120;57;83;1;50;35;2;46;11;55;23;56;24;69;39;44;21;41;9;53;53;23;3;1;57;22;12;44;73;48;35;0;56;7;85;83;51;8;64;64;7;63
"Bacteria;Firmicutes;Clostridia;Clostridiales;Ruminococcaceae;;";1;30;1;1;6;146;0;0;7;0;64;3;90;11;1;1;1;0;2;2;0;1;0;45;0;2;14;17;8;1;15;67;168;0;1;0;0;103;1;40;19;4;17;0;284;2;18;3;153;48;0;14;1;15;23;145;0;5;9;104;2;20;9;9;5;115;0;0;6;0;0;31;5;1;201;0;5;4;2;0;88;3;2;86;55;3
"Bacteria;Firmicutes;Clostridia;Clostridiales;Ruminococcaceae;;";1;1;0;8;4;0;0;3;0;70;6;0;1;0;22;7;4;4;0;1;32;0;0;0;0;0;0;1;1;23;0;0;26;16;0;120;0;3;0;2;3;0;4;0;0;9;4;0;0;2;13;1;0;1;0;6;1;5;0;0;12;2;119;0;21;10;2;38;0;13;0;22;0;0;38;127;27;0;0;0;35;41;3;4;0;0
"Bacteria;Firmicutes;Clostridia;Clostridiales;Ruminococcaceae;;";11;35;34;43;53;33;7;49;37;117;21;38;23;18;75;55;122;53;0;7;114;13;33;84;8;55;73;32;29;186;24;71;56;55;8;173;11;40;2;42;18;22;23;10;38;72;85;10;21;46;115;18;20;47;11;47;19;74;49;48;90;1;104;23;85;22;46;97;69;29;98;26;7;14;33;90;131;24;49;68;16;80;48;97;63;41
"Bacteria;Firmicutes;Clostridia;Clostridiales;Lachnospiraceae;Roseburia;";7;8;19;1;7;62;26;0;15;0;0;14;2;5;0;36;9;5;7;65;0;163;22;6;10;92;6;7;53;1;23;10;0;0;84;0;1;28;25;0;54;21;4;0;0;0;0;2;14;23;0;0;8;0;7;0;51;0;13;6;0;8;0;30;0;0;12;0;30;0;3;14;7;32;0;0;0;12;27;5;0;0;15;2;6;54
"Bacteria;Bacteroidetes;Bacteroidia;Bacteroidales;S24-7;;";219;53;136;93;56;139;325;317;97;463;255;152;76;59;362;263;27;90;385;66;162;125;23;93;172;67;41;136;92;405;153;111;129;980;304;121;145;56;42;33;468;326;62;169;24;390;40;133;26;38;1506;155;178;114;146;100;38;138;54;226;242;64;639;71;456;95;153;1846;85;740;46;338;32;73;125;937;279;105;261;77;78;981;11;69;164;137
"Bacteria;Firmicutes;Clostridia;Clostridiales;Lachnospiraceae;;";25;52;11;47;30;30;13;44;36;2;12;65;21;7;1;302;15;17;11;131;2;49;25;61;22;78;20;4;19;1;47;53;14;3;23;1;4;69;95;48;125;98;46;219;24;3;35;27;94;9;2;46;26;30;24;16;238;33;8;38;7;102;1;13;7;15;5;16;26;12;33;59;11;197;23;0;0;114;14;18;13;1;42;11;101;23
"Bacteria;Firmicutes;Clostridia;Clostridiales;;;";1;128;8;1;49;1;2;4;9;37;10;0;80;9;0;1;3;2;9;0;12;14;2;0;21;51;7;1;16;5;3;24;29;11;21;12;3;257;10;0;0;33;0;3;1;1;5;5;19;124;0;13;52;32;47;48;71;47;8;4;269;28;1;19;61;1;93;6;7;0;2;4;0;13;76;0;11;11;5;164;93;6;13;1;52;96
"Bacteria;Firmicutes;Clostridia;Clostridiales;Lachnospiraceae;Blautia;";0;0;0;0;0;0;2;0;0;0;28;2;25;114;0;0;0;0;0;1;0;0;0;67;0;1;193;17;209;0;85;27;2;0;0;1;0;3;28;0;250;5;27;0;0;0;0;0;3;17;179;0;0;0;8;0;30;0;57;0;0;249;0;60;1;0;2;0;7;1;102;122;206;396;0;0;62;0;12;0;0;0;0;0;0;285
"Bacteria;Bacteroidetes;Bacteroidia;Bacteroidales;S24-7;;";25;31;3;39;16;88;19;207;16;58;92;30;28;1;18;53;4;57;19;2;39;10;2;25;3;36;0;7;7;28;26;27;104;8;61;46;4;7;0;64;150;23;42;6;11;86;14;10;25;92;94;110;3;72;2;79;1;82;32;39;41;9;38;4;174;115;9;257;6;84;2;112;11;0;178;112;44;8;38;5;56;77;2;75;61;15
"Bacteria;Firmicutes;Clostridia;Clostridiales;Lachnospiraceae;Roseburia;";0;0;0;0;144;43;0;1;0;29;0;76;118;0;21;20;61;56;87;82;34;0;0;216;0;224;0;11;0;104;0;0;6;0;0;20;0;243;0;0;0;0;0;10;0;35;0;15;149;0;2;0;0;136;0;6;0;0;0;0;60;0;9;0;10;11;0;0;0;0;0;0;0;0;18;0;47;13;3;0;46;0;0;51;0;0
"Bacteria;Proteobacteria;Deltaproteobacteria;Desulfovibrionales;Desulfovibrionaceae;Bilophila;";2;27;1;16;7;11;4;131;14;18;17;36;15;12;88;24;3;16;37;14;190;2;14;30;4;14;18;9;23;183;34;6;28;1;4;32;2;14;14;32;41;31;21;16;13;268;2;48;23;23;63;14;11;34;33;29;24;22;37;15;40;37;52;8;70;12;26;6;7;17;15;48;31;62;22;31;56;22;15;19;22;4;2;17;12;13
"Bacteria;Firmicutes;Clostridia;Clostridiales;Lachnospiraceae;;";10;22;2;4;88;15;21;21;37;16;28;52;160;24;1;65;53;82;7;11;0;51;12;141;5;149;7;49;32;21;13;70;43;25;30;5;4;94;22;90;51;31;29;1;113;23;75;1;148;18;2;39;18;56;27;80;96;118;12;47;3;16;1;24;9;22;29;24;23;26;7;81;6;393;75;4;6;1;13;19;91;1;20;16;98;25
"Bacteria;Bacteroidetes;Bacteroidia;Bacteroidales;S24-7;;";0;0;0;25;47;117;0;41;0;0;0;0;29;0;137;31;13;123;0;0;7;1;0;15;0;0;0;0;0;83;0;28;113;20;0;6;0;11;0;76;0;0;35;0;44;333;38;0;13;2;4;177;0;56;0;155;0;183;0;33;44;0;1;1;67;103;0;40;0;0;0;0;0;0;58;195;37;0;0;0;262;28;0;60;156;0
"Bacteria;Firmicutes;Clostridia;Clostridiales;Lachnospiraceae;Blautia;";0;90;92;205;0;31;0;3;28;17;6;1132;141;1;26;0;0;0;0;1;53;232;0;0;0;0;1;0;0;50;67;1;0;9;4;1;0;251;0;98;131;0;1;0;73;3;0;0;2;18;2;1;63;3;0;1;7;1;189;0;1;0;1013;108;3;0;0;75;276;13;0;106;0;0;0;4;0;0;0;204;2;1;3;41;4;248
"Bacteria;Firmicutes;Clostridia;Clostridiales;Ruminococcaceae;;";61;70;9;49;21;65;6;416;26;42;67;3;40;30;51;119;6;48;14;172;50;14;10;35;13;32;8;15;42;35;52;46;24;29;19;13;7;29;68;20;72;132;40;28;22;86;23;44;122;162;107;50;24;38;99;35;45;114;50;39;340;131;42;30;54;20;45;27;16;140;11;94;49;130;44;102;136;25;147;29;34;36;5;64;71;69
"Bacteria;Firmicutes;Clostridia;Clostridiales;;;";117;253;10;114;27;48;71;210;13;61;104;244;177;76;340;85;21;65;20;83;494;79;25;168;192;55;6;154;2;404;548;160;101;341;45;134;470;210;158;290;59;289;186;331;22;380;140;593;25;206;142;39;157;388;57;62;53;208;120;48;1228;136;189;90;717;324;153;141;43;63;56;14;379;209;452;62;342;481;81;333;115;143;85;450;147;149
"Bacteria;Firmicutes;Clostridia;Clostridiales;Lachnospiraceae;Blautia;";9;2;59;9;66;52;8;3;3;7;10;9;10;2;6;69;33;64;3;2;14;0;9;49;7;2;45;36;4;1;2;4;29;7;1;32;5;6;3;4;4;2;17;4;34;29;35;27;63;1;0;3;8;7;15;15;2;37;2;11;15;26;8;3;1;53;0;8;29;48;10;5;22;1;8;16;183;60;5;36;12;7;2;74;70;59
"Bacteria;Bacteroidetes;Bacteroidia;Bacteroidales;S24-7;;";4;18;5;46;68;51;8;172;3;68;26;5;9;6;64;111;57;56;57;45;34;13;11;17;2;35;2;9;21;71;13;21;17;25;12;28;4;4;7;21;110;28;7;3;33;81;43;5;4;38;66;9;1;22;6;18;1;68;15;28;89;14;20;10;92;18;7;24;2;51;1;23;9;5;6;220;66;1;12;7;9;43;2;39;59;0
"Bacteria;Candidate division TM7;Unknown Class;Unknown Order;Unknown Family;Candidatus Saccharimonas;";32;77;52;23;76;41;22;15;36;137;23;47;33;37;51;29;109;56;20;22;116;26;47;59;29;73;75;86;60;142;139;59;62;8;28;146;18;57;47;26;59;64;53;43;40;48;66;31;40;132;82;20;22;34;55;66;57;37;99;38;86;123;62;23;195;53;38;17;77;9;27;24;47;82;49;133;25;39;26;106;17;64;47;61;55;74
"Bacteria;Firmicutes;Clostridia;Clostridiales;Ruminococcaceae;Ruminococcus;";67;16;1;0;14;3;12;1;0;72;36;0;22;0;85;0;6;2;0;0;2;0;0;0;0;9;0;2;108;71;145;1;0;0;20;42;0;7;10;10;154;12;2;9;0;0;8;90;112;29;42;0;3;17;0;0;0;14;92;7;0;40;72;94;0;0;1;0;3;5;0;17;8;15;0;0;1;23;2;24;0;0;0;13;2;0
"Bacteria;Firmicutes;Clostridia;Clostridiales;Lachnospiraceae;;";12;1;6;3;43;40;44;0;16;5;23;25;23;20;14;3;28;27;4;1;5;7;10;59;3;24;5;15;2;68;14;23;23;146;0;29;13;28;13;29;39;13;48;2;12;14;22;5;13;1;7;2;15;21;3;24;16;7;4;6;2;4;47;1;8;10;1;69;17;105;1;12;8;44;34;4;7;4;11;33;31;3;10;38;30;83
"Bacteria;Firmicutes;Clostridia;Clostridiales;Lachnospiraceae;;";250;44;61;70;332;170;98;59;192;17;90;187;98;74;38;102;275;248;93;158;55;610;250;240;30;641;179;52;265;53;165;282;153;57;165;16;23;210;36;157;172;129;92;157;389;88;175;137;142;174;38;113;140;174;220;173;199;376;96;110;124;241;40;228;66;248;97;205;66;59;135;97;132;341;322;9;30;185;101;82;182;4;141;164;344;253
"Bacteria;Proteobacteria;Betaproteobacteria;Burkholderiales;Alcaligenaceae;Parasutterella;";27;5;4;62;25;6;1;28;12;33;24;6;8;2;275;65;15;45;16;0;101;12;2;58;1;38;0;1;7;12;3;22;49;260;33;172;3;17;4;49;49;19;7;3;13;138;14;21;20;7;67;21;6;37;2;54;1;51;3;1;5;0;143;1;131;107;6;252;2;290;2;44;1;7;50;986;322;9;4;3;38;268;1;43;63;3
"Bacteria;Firmicutes;Clostridia;Clostridiales;Lachnospiraceae;Blautia;";38;148;46;169;438;262;40;1;266;157;135;84;164;121;280;2;596;386;47;249;760;210;168;242;123;340;149;58;175;502;205;291;144;6;41;298;99;121;21;218;148;74;99;102;97;844;288;56;968;360;515;0;41;165;50;156;93;275;229;215;0;245;288;232;423;44;152;1;41;16;231;139;164;413;5;0;257;69;111;173;25;7;436;276;412;493
"Bacteria;Firmicutes;Clostridia;Clostridiales;Lachnospiraceae;;";22;0;7;2;23;4;13;13;3;1;5;18;12;7;1;20;30;27;94;2;0;3;20;112;170;26;0;32;0;2;0;0;66;0;2;0;124;9;3;43;22;12;1;59;44;82;1;36;3;22;1;15;0;11;11;45;7;11;0;8;0;28;0;0;1;32;31;16;20;19;22;10;0;79;69;1;10;51;0;15;96;1;6;5;9;25
"Bacteria;Firmicutes;Clostridia;Clostridiales;Ruminococcaceae;Anaerotruncus;";18;22;0;5;8;10;3;21;28;18;6;53;11;10;22;4;9;8;19;3;87;24;6;11;45;10;32;28;28;67;23;17;46;0;10;2;16;14;5;26;19;39;6;25;36;79;17;24;11;29;11;35;11;41;20;36;13;21;38;35;56;25;57;20;27;24;7;14;29;22;29;4;37;76;20;0;60;38;164;15;45;13;9;20;28;19
"Bacteria;Firmicutes;Clostridia;Clostridiales;Lachnospiraceae;;";5;47;0;11;20;21;0;2;113;5;11;51;3;9;0;7;30;12;0;23;8;87;8;3;0;67;0;12;37;0;42;0;15;0;31;0;0;30;0;1;109;14;0;0;18;4;8;0;25;66;40;0;8;21;167;21;1;2;73;8;8;76;0;128;9;2;45;0;5;0;42;0;59;1;46;0;1;8;0;46;27;1;3;2;10;51
"Bacteria;Firmicutes;Clostridia;Clostridiales;Lachnospiraceae;;";9;27;6;4;38;0;0;48;3;3;11;9;25;1;0;10;5;24;42;66;0;12;32;9;18;15;5;4;22;18;13;0;12;0;4;0;20;117;6;16;34;33;28;9;37;3;105;20;22;0;0;47;3;13;19;6;51;32;21;25;0;21;3;24;1;2;8;0;4;0;4;28;31;43;9;0;4;5;35;1;21;3;12;4;23;2
"Bacteria;Firmicutes;Clostridia;Clostridiales;Lachnospiraceae;;";9;19;3;5;24;48;3;138;6;4;35;38;28;29;11;31;15;34;11;24;15;34;2;26;7;18;18;3;25;46;17;15;10;0;14;1;2;25;45;8;72;76;18;13;29;29;19;9;43;24;20;22;26;12;54;9;27;15;20;28;11;39;8;28;12;11;16;1;13;1;31;25;30;88;17;0;12;16;43;17;20;1;3;35;5;20
"Bacteria;Firmicutes;Clostridia;Clostridiales;Lachnospiraceae;;";9;21;10;1;0;8;18;2;36;1;9;19;12;13;5;5;1;0;27;5;10;19;84;4;45;11;9;50;35;0;41;11;0;1;17;6;27;0;6;1;2;36;0;15;0;5;1;7;2;15;20;0;60;23;35;0;21;0;42;10;2;21;0;36;4;0;42;3;23;15;39;2;30;37;4;1;10;14;32;39;1;3;69;7;0;49
"Bacteria;Firmicutes;Clostridia;Clostridiales;Ruminococcaceae;Anaerotruncus;";93;223;112;5;178;144;47;0;346;131;36;213;188;126;26;359;316;136;105;626;178;132;97;362;235;364;357;124;214;182;399;167;191;11;107;54;118;220;63;124;46;52;95;106;308;181;73;209;413;100;34;65;240;332;529;143;216;108;311;146;103;269;75;394;147;59;321;202;420;95;216;74;427;376;90;120;56;120;346;174;148;60;95;108;158;268
"Bacteria;Firmicutes;Clostridia;Clostridiales;;;";3;28;4;24;3;1;0;26;0;37;0;2;8;0;82;9;7;14;0;0;19;1;0;3;0;7;18;10;15;51;13;7;5;135;5;52;0;3;1;13;1;2;7;0;13;62;8;16;5;19;16;2;0;24;6;4;2;37;1;0;89;11;11;10;182;8;0;26;8;37;0;10;0;1;11;95;25;8;11;5;21;59;2;15;1;0
"Bacteria;Firmicutes;Clostridia;Clostridiales;Ruminococcaceae;;";0;5;0;8;4;4;0;0;3;8;15;0;2;0;26;0;5;7;0;0;395;16;0;1;0;6;0;1;0;10;0;43;14;0;0;9;0;0;0;8;12;0;7;0;11;58;5;0;0;4;2;2;0;6;1;3;0;31;0;18;76;0;214;0;88;2;1;0;0;2;0;4;0;0;6;0;20;0;0;1;10;13;0;13;41;15
"Bacteria;Firmicutes;Clostridia;Clostridiales;Lachnospiraceae;;";30;23;37;1;6;7;0;13;11;4;20;13;5;163;0;31;8;1;17;3;2;8;8;17;28;9;20;2;10;0;3;5;10;2;17;0;7;67;29;8;14;33;4;11;21;2;6;13;17;4;4;28;9;5;8;6;7;2;2;10;21;12;17;8;0;1;9;0;17;5;57;13;16;69;10;0;0;21;91;4;13;0;27;11;14;30
"Bacteria;Firmicutes;Clostridia;Clostridiales;Lachnospiraceae;;";65;10;20;26;56;20;14;131;22;14;24;37;48;60;27;60;54;56;106;17;47;14;33;26;115;68;32;13;22;2;26;74;34;35;34;49;32;52;21;42;106;74;25;54;113;23;34;20;80;7;6;33;10;14;31;46;79;18;39;41;17;39;69;38;25;41;22;5;70;50;79;43;7;107;22;8;18;30;33;30;35;24;22;13;34;99
"Bacteria;Tenericutes;Mollicutes;;;;";0;11;1;4;20;7;4;0;9;7;8;0;0;3;20;0;2;3;0;0;35;27;23;13;0;16;0;0;9;89;0;87;16;25;4;51;0;23;18;19;51;0;4;6;21;47;120;2;2;54;51;0;46;71;0;12;0;9;34;0;116;9;21;0;19;12;0;26;7;0;0;2;0;23;1;0;28;3;0;34;7;89;7;34;28;10
"Bacteria;Cyanobacteria;Melainabacteria;Gastranaerophilales;;;";7;43;0;11;3;4;0;85;1;19;10;0;2;5;86;35;1;11;28;0;77;2;1;1;2;0;4;1;4;76;19;6;85;28;4;16;4;9;6;11;13;36;15;3;1;106;4;10;19;51;181;2;7;7;19;19;7;25;29;9;257;72;90;7;164;31;14;21;4;16;0;9;11;23;24;12;76;12;0;0;45;12;0;10;2;2
"Bacteria;Firmicutes;Clostridia;Clostridiales;Lachnospiraceae;;";5;8;9;8;21;67;18;66;13;1;58;28;42;19;2;84;14;17;11;23;15;44;6;72;36;30;99;36;23;11;45;38;16;11;24;2;32;48;34;12;109;47;81;16;20;29;49;22;56;7;2;30;14;9;114;23;94;36;19;27;5;27;13;35;22;33;10;9;18;14;11;64;56;92;51;0;17;16;2;68;36;3;4;49;62;156
"Bacteria;Bacteroidetes;Bacteroidia;Bacteroidales;S24-7;;";113;275;29;27;183;438;699;191;339;346;80;183;101;8;381;17;287;379;173;14;79;238;67;210;20;389;0;133;113;138;430;514;412;416;181;167;40;124;3;263;144;58;156;66;257;82;385;165;86;459;78;593;40;328;71;519;0;675;359;385;90;46;319;166;214;390;128;153;114;119;0;48;228;20;293;138;169;115;16;52;157;161;70;375;499;25
"Bacteria;Firmicutes;Erysipelotrichia;Erysipelotrichales;Erysipelotrichaceae;Turicibacter;";0;0;0;144;0;0;0;83;0;0;0;0;0;0;29;85;0;0;0;0;50;0;0;33;0;0;0;0;0;54;0;0;75;19;0;21;0;1;0;0;0;0;54;0;3;3;2;0;0;0;62;0;0;0;0;43;0;19;0;0;0;0;17;0;22;93;0;53;0;38;0;0;0;0;136;6;31;0;0;0;24;30;0;0;9;0
"Bacteria;Firmicutes;Clostridia;Clostridiales;;;";0;0;0;7;0;2;1;19;0;28;0;4;0;3;74;4;2;4;0;0;76;0;2;0;0;1;0;105;6;63;4;0;0;4;3;20;0;0;11;11;12;0;17;9;4;77;4;6;0;0;80;3;5;23;4;0;0;8;4;2;36;1;85;0;78;0;0;8;0;3;0;3;7;10;0;9;47;2;15;53;0;0;5;6;0;34
"Bacteria;Firmicutes;Clostridia;Clostridiales;Peptostreptococcaceae;;";0;0;0;82;0;0;0;128;0;27;4;0;0;0;11;244;3;2;0;0;39;0;0;144;0;0;0;0;2;28;0;0;4;19;0;11;0;0;0;39;10;0;15;0;63;8;71;0;0;0;19;0;0;0;0;1;0;92;2;0;18;0;8;0;16;1;0;28;0;10;0;21;0;0;51;33;1;0;0;0;4;10;0;0;55;0
"Bacteria;Bacteroidetes;Bacteroidia;Bacteroidales;Rikenellaceae;Alistipes;";1;6;0;19;4;22;0;17;1;24;5;11;2;0;85;27;1;2;4;5;15;2;1;1;0;4;0;10;2;35;3;7;6;19;0;43;1;34;0;47;10;0;3;0;13;18;3;2;7;4;16;8;0;31;1;9;0;2;6;6;22;1;16;0;27;8;0;17;1;22;0;5;2;1;38;200;50;1;5;0;12;39;2;52;7;0
"Bacteria;Firmicutes;Clostridia;Clostridiales;;;";12;18;7;7;37;10;20;19;28;46;9;12;3;0;3;28;57;36;11;20;15;12;15;17;1;29;3;9;8;15;14;22;9;87;11;26;7;5;5;19;16;6;9;18;28;24;32;13;5;20;5;32;17;16;11;15;5;38;11;35;0;8;4;7;16;7;8;56;9;33;3;9;16;9;9;358;9;26;12;5;25;25;13;11;34;6
"Bacteria;Firmicutes;Clostridia;Clostridiales;;;";31;2;2;1;2;2;1;6;2;29;22;2;203;1;1;3;0;4;41;1;3;1;0;13;0;3;2;1;19;7;31;3;22;0;14;3;4;17;5;8;12;12;32;5;1;1;0;15;8;3;0;0;2;6;5;12;18;2;10;1;397;17;1;21;0;2;5;0;3;3;0;4;10;5;7;0;1;7;3;3;5;4;1;8;9;4
"Bacteria;Firmicutes;Clostridia;Clostridiales;Lachnospiraceae;;";435;131;250;44;119;256;261;5;360;77;143;350;248;216;35;104;144;72;259;346;102;275;493;207;236;634;386;379;344;177;244;240;158;163;85;33;302;398;47;163;275;267;134;262;53;320;235;206;145;165;307;462;177;369;413;322;269;12;345;202;17;358;81;299;42;158;248;18;276;7;57;120;274;260;317;38;2;263;124;175;440;14;236;248;25;417
"Bacteria;Firmicutes;Erysipelotrichia;Erysipelotrichales;Erysipelotrichaceae;Allobaculum;";3;0;0;65;12;1;7;0;3;3;3;6;1;0;42;7;22;28;0;0;6;10;1;3;0;3;0;1;0;3;3;29;15;210;116;10;1;2;0;18;33;0;0;0;11;15;20;1;3;6;1;1;2;8;0;18;0;42;0;0;0;0;9;0;5;23;1;60;0;26;0;11;0;1;76;188;46;0;0;2;4;12;0;24;57;1
"Bacteria;Firmicutes;Clostridia;Clostridiales;Lachnospiraceae;;";13;14;2;4;3;0;1;0;14;2;5;10;6;8;0;4;4;2;34;28;2;0;27;7;9;2;54;10;7;12;4;1;0;109;3;0;1;6;2;0;22;0;2;3;2;17;6;12;6;3;0;5;5;2;50;0;11;0;19;0;1;24;1;7;2;1;10;2;21;3;66;7;22;63;3;4;0;28;28;16;0;2;7;0;1;14
"Bacteria;Firmicutes;Clostridia;Clostridiales;Ruminococcaceae;;";6;9;1;5;9;9;0;8;5;4;12;7;6;4;8;4;7;71;62;8;12;3;5;3;7;4;6;4;91;35;6;2;7;5;5;1;12;6;9;13;17;4;3;2;6;28;3;8;5;5;112;3;44;43;16;7;8;7;1;2;7;14;159;20;10;15;21;11;1;8;0;5;3;10;13;5;6;3;7;2;6;2;10;3;11;5
"Bacteria;Firmicutes;Clostridia;Clostridiales;Ruminococcaceae;;";3;19;27;18;44;8;22;9;41;19;1;6;4;17;9;35;31;40;33;0;108;33;40;25;13;17;3;85;9;140;9;13;4;9;14;108;4;22;7;14;15;15;22;20;65;24;24;18;7;22;94;8;63;11;12;5;4;41;9;12;35;22;38;0;51;3;5;46;15;19;1;13;6;33;2;11;37;48;19;37;5;48;11;53;28;24
"Bacteria;Bacteroidetes;Bacteroidia;Bacteroidales;S24-7;;";141;142;47;38;174;237;459;194;172;404;145;232;42;32;196;135;185;245;479;33;394;265;108;220;12;134;0;224;135;519;164;141;301;213;183;302;38;48;7;154;156;362;95;149;155;305;192;65;82;260;430;719;56;167;114;300;9;295;203;346;402;79;315;98;290;241;174;244;64;150;9;192;139;28;304;35;79;106;106;48;210;332;115;134;273;21
"Bacteria;Firmicutes;Clostridia;Clostridiales;Lachnospiraceae;;";28;6;4;2;9;17;0;15;2;1;41;74;28;21;1;2;3;11;108;30;0;46;1;10;105;11;9;5;34;2;34;9;12;2;14;1;57;21;9;4;64;42;7;106;12;4;6;61;11;4;1;46;10;5;25;20;20;6;45;25;4;21;2;49;1;4;4;2;3;0;13;17;30;196;16;0;5;38;193;9;44;0;1;11;5;7
"Bacteria;Firmicutes;Clostridia;Clostridiales;;;";35;22;3;0;11;2;0;4;1;13;10;11;33;3;11;6;7;18;2;10;11;5;0;5;40;12;5;38;16;22;40;3;8;1;15;3;31;14;0;2;12;42;7;32;8;1;11;28;14;36;3;8;10;18;33;6;51;16;5;4;349;27;7;19;20;7;7;0;7;3;0;9;4;0;13;0;5;65;1;49;7;11;17;10;10;42
"Bacteria;Firmicutes;Clostridia;Clostridiales;Ruminococcaceae;;";32;128;8;14;39;63;5;5;77;29;61;55;99;36;46;31;52;65;29;28;32;30;23;55;27;49;38;41;70;96;96;110;43;3;41;9;14;84;15;63;79;91;126;20;94;51;48;21;67;174;18;20;35;184;56;44;45;97;96;87;19;47;29;67;26;44;37;11;30;10;10;70;54;36;73;2;11;26;33;57;32;3;26;143;77;67
"Bacteria;Firmicutes;Clostridia;Clostridiales;Ruminococcaceae;;";4;1;2;3;2;2;1;6;3;61;1;0;1;3;26;0;6;6;0;2;23;2;0;2;0;3;3;10;2;73;1;5;0;13;1;1;1;2;0;19;0;0;0;3;5;29;2;2;0;10;3;0;2;1;2;0;0;30;0;0;58;0;40;0;34;0;0;138;1;1;3;7;0;1;0;14;34;4;4;4;0;43;1;9;7;7
"Bacteria;Bacteroidetes;Bacteroidia;Bacteroidales;S24-7;;";23;13;0;1;11;3;0;4;0;0;3;8;5;0;0;0;1;43;42;0;0;9;2;3;22;1;1;26;1;0;6;7;69;0;12;28;30;2;0;134;2;4;9;2;47;0;42;9;20;22;0;16;0;17;0;56;0;68;9;5;0;0;7;0;0;110;9;3;0;73;0;3;3;0;17;0;3;13;10;0;3;29;1;8;68;0
"Bacteria;Bacteroidetes;Bacteroidia;Bacteroidales;Bacteroidaceae;Bacteroides;";2;4;2;139;3;22;14;162;2;27;41;13;4;0;892;659;0;6;24;11;322;3;1;13;15;8;2;18;19;235;10;5;69;1542;0;497;7;8;0;3;115;17;6;5;1;124;0;2;11;5;272;31;7;5;0;27;0;25;43;30;185;5;689;5;168;55;1;1581;4;2192;3;62;5;6;35;2425;720;3;15;5;22;604;0;7;8;1
"Bacteria;Firmicutes;Clostridia;Clostridiales;Lachnospiraceae;Roseburia;";2;1;5;0;3;1;4;16;2;0;1;0;6;41;0;1;0;2;3;3;0;5;2;1;0;1;4;0;83;0;62;0;0;0;3;0;1;4;0;0;3;0;1;7;0;0;0;1;2;0;1;0;26;4;4;0;0;0;248;6;0;2;0;348;0;0;4;0;1;0;191;8;8;281;1;0;0;2;14;3;2;1;0;0;3;10
"Bacteria;Bacteroidetes;Bacteroidia;Bacteroidales;S24-7;;";13;11;3;37;8;53;1;98;8;0;101;29;13;1;63;25;4;20;3;1;2;6;2;6;1;12;0;9;10;15;20;2;132;29;34;1;0;18;1;24;117;11;13;1;7;31;4;0;4;29;4;116;0;12;2;159;0;39;20;41;8;6;9;7;23;240;12;9;0;19;0;134;4;2;253;109;3;0;11;3;244;2;0;21;36;2
"Bacteria;Firmicutes;Clostridia;Clostridiales;Lachnospiraceae;;";2;15;22;344;21;931;243;1;23;440;698;416;764;0;4;22;25;4;0;0;2174;276;158;496;1;204;1;171;470;805;346;1063;1850;1341;213;710;1;633;69;355;1268;1007;801;0;1;538;43;0;3;23;1335;285;1;1001;600;1455;4;0;312;1440;2;357;3;30;1739;1635;1;1235;221;995;0;750;238;291;2608;226;1670;0;2;112;1243;1576;99;794;83;89
"Bacteria;Firmicutes;Bacilli;Lactobacillales;Lactobacillaceae;Lactobacillus;";808;235;306;41;571;8;295;119;732;106;22;210;18;281;173;135;537;280;104;60;19;579;393;173;89;482;63;257;129;20;592;55;331;146;282;13;204;18;178;261;50;153;7;289;299;20;297;30;68;122;42;25;514;45;41;70;392;128;851;9;9;44;85;191;5;158;122;51;12;7;264;82;84;317;65;261;2;518;336;92;23;12;444;245;258;94
"Bacteria;Bacteroidetes;Bacteroidia;Bacteroidales;S24-7;;";0;10;0;0;0;0;0;0;55;0;0;0;0;0;0;0;0;0;0;0;0;0;0;0;0;0;0;0;75;0;149;0;0;0;0;0;0;0;0;0;0;0;0;0;0;0;0;0;0;16;0;0;0;0;0;0;0;0;241;0;0;72;0;57;0;0;82;0;0;0;0;0;85;0;0;0;0;0;0;0;0;0;0;0;0;0
"Unclassified;;;;;;";0;0;1;0;0;1;0;0;6;27;1;0;1;3;0;6;0;0;31;0;0;1;1;37;2;2;4;0;0;0;0;10;0;0;1;0;26;24;3;35;4;1;0;26;14;0;116;12;0;1;0;33;26;2;0;2;0;7;0;0;5;0;0;0;10;2;1;1;0;1;4;4;0;1;4;0;3;22;0;1;4;0;0;3;33;1
"Bacteria;Bacteroidetes;Bacteroidia;Bacteroidales;S24-7;;";6;4;1;9;8;16;3;19;0;180;23;5;4;0;44;11;1;8;23;2;22;11;4;0;2;11;0;10;5;6;9;4;12;5;15;72;1;1;0;3;32;1;0;9;1;9;2;2;2;4;11;20;0;1;9;7;1;10;9;3;7;4;82;12;40;13;3;36;1;11;0;23;1;1;4;70;87;3;9;1;1;126;1;1;4;0
"Bacteria;Firmicutes;Clostridia;Clostridiales;Lachnospiraceae;Blautia;";171;93;84;28;11;375;107;35;210;389;248;79;188;19;4;482;95;5;51;161;0;245;552;60;24;51;28;114;633;31;1235;136;44;0;349;16;73;31;69;132;166;177;422;45;2;14;28;22;30;251;45;5;125;190;77;12;222;2;135;44;248;450;2;985;15;5;121;66;478;41;296;73;578;225;122;2;149;85;159;63;14;2;117;323;472;17
"Bacteria;Firmicutes;Clostridia;Clostridiales;Ruminococcaceae;;";51;37;9;6;18;30;5;51;12;8;69;31;38;29;19;17;2;53;24;26;43;10;4;15;9;22;8;20;58;25;39;33;48;4;30;9;9;110;23;54;133;62;15;20;55;49;33;30;171;51;8;28;16;65;40;35;54;69;32;43;24;37;165;29;10;17;25;4;9;18;6;77;44;79;61;6;7;51;58;13;68;5;10;31;38;20
"Bacteria;Firmicutes;Clostridia;Clostridiales;Ruminococcaceae;;";0;1;4;9;8;0;0;10;3;0;0;0;0;0;0;42;14;5;12;2;57;0;0;2;16;0;92;129;1;30;0;0;1;0;0;10;4;0;0;3;0;0;0;7;1;1;0;4;0;0;78;0;1;2;0;3;0;2;73;0;3;0;2;0;9;6;0;9;7;5;0;1;1;0;0;0;1;3;14;4;3;0;9;0;0;2
"Bacteria;Firmicutes;Clostridia;Clostridiales;Ruminococcaceae;Anaerotruncus;";13;32;0;12;19;68;0;16;7;12;57;39;60;11;21;33;17;49;19;21;11;10;5;43;4;23;10;2;42;6;37;31;40;9;11;0;5;74;8;66;77;32;53;8;50;33;15;27;85;49;4;38;8;59;29;60;44;89;27;40;43;63;8;29;13;59;28;6;1;17;0;45;34;39;197;8;9;16;8;7;99;6;1;48;42;4
"Bacteria;Firmicutes;Clostridia;Clostridiales;Lachnospiraceae;;";6;20;1;4;6;98;1;4;6;4;18;0;45;3;6;1;3;7;6;93;1;5;0;12;0;19;4;0;11;4;30;29;4;1;1;1;0;19;9;0;26;20;20;2;3;7;3;4;34;13;2;3;2;18;7;4;22;7;12;23;10;12;4;44;0;0;10;1;7;0;4;10;10;115;7;0;2;2;12;12;3;1;6;20;5;33
"Bacteria;Bacteroidetes;Bacteroidia;Bacteroidales;S24-7;;";1060;78;164;82;1065;294;160;439;238;48;313;464;79;55;39;544;648;485;1382;72;14;508;410;333;161;230;264;222;274;51;442;52;225;282;833;18;168;225;275;169;534;1159;74;485;183;44;517;635;322;126;110;795;97;169;345;174;1008;586;155;494;83;269;50;304;118;82;500;146;78;140;102;734;193;590;221;62;90;587;330;52;358;156;161;149;540;139
"Bacteria;Firmicutes;Clostridia;Clostridiales;Lachnospiraceae;;";0;7;0;0;4;5;104;0;121;0;0;8;5;0;0;0;6;0;0;0;0;16;0;0;0;28;0;0;0;0;0;13;0;0;4;0;0;10;3;0;10;0;0;0;0;0;0;0;1;3;8;0;1;0;0;1;3;0;0;0;0;0;0;0;0;7;26;0;0;0;0;0;0;1;1;0;0;0;0;1;4;0;0;5;0;0
"Bacteria;Firmicutes;Clostridia;Clostridiales;Lachnospiraceae;;";88;33;476;5;338;263;103;11;543;1;120;471;43;964;10;15;443;617;214;14;31;81;464;151;40;267;1207;316;256;45;93;473;155;3;46;19;11;346;19;83;337;57;36;872;13;115;105;189;100;50;7;25;146;59;1069;234;47;13;545;41;3;621;3;78;14;219;47;11;221;36;298;132;166;81;133;3;45;448;10;823;326;30;893;254;523;203
"Bacteria;Firmicutes;Clostridia;Clostridiales;Ruminococcaceae;;";0;0;0;0;0;0;0;0;0;0;0;0;0;0;0;0;1;0;0;0;0;0;0;0;0;0;0;0;0;0;0;0;0;0;0;0;0;0;0;28;0;0;0;0;3;0;104;0;0;0;8;0;0;0;0;0;0;103;0;0;0;0;0;0;0;0;0;0;0;0;0;0;0;0;0;0;0;0;0;0;0;0;0;0;0;0
"Bacteria;Firmicutes;Clostridia;Clostridiales;Lachnospiraceae;Blautia;";556;1;112;77;855;342;950;3;1445;99;65;841;126;1621;17;1;1108;741;2;272;317;134;58;195;1;260;149;2;1;2;5;529;0;14;0;38;4;2;369;69;70;419;1;1;1;1;14;3;708;121;0;0;141;7;7;0;983;2;0;1;1;11;1002;0;43;0;310;220;1;0;1;24;635;702;0;10;0;0;1;54;0;0;1240;155;2;1224
"Bacteria;Verrucomicrobia;Verrucomicrobiae;Verrucomicrobiales;Verrucomicrobiaceae;Akkermansia;";0;0;0;0;0;0;0;0;0;0;0;0;0;0;0;9;0;0;0;0;0;0;0;0;0;0;0;0;0;0;0;0;0;0;0;0;0;0;1;0;0;0;0;0;0;0;0;0;0;0;227;0;0;0;0;0;0;0;0;0;0;0;0;0;1;0;0;0;0;0;0;0;0;0;0;0;0;0;0;0;0;0;0;0;0;0
"Bacteria;Bacteroidetes;Bacteroidia;Bacteroidales;Bacteroidaceae;Bacteroides;";35;36;4;216;46;70;14;493;14;56;35;67;22;3;247;308;52;46;427;72;191;51;64;60;47;63;30;15;122;151;87;39;140;80;27;728;36;17;8;21;122;108;24;54;16;71;42;69;19;46;84;63;78;23;106;121;30;57;63;34;168;28;290;57;226;45;14;389;36;740;10;47;28;53;69;702;314;43;92;17;30;1195;45;40;58;5
"Bacteria;Firmicutes;Clostridia;Clostridiales;Ruminococcaceae;;";116;137;12;115;57;176;10;710;26;15;115;134;116;38;80;228;13;106;434;457;648;50;21;73;346;99;210;66;248;42;316;104;174;39;82;11;334;94;411;75;170;202;77;264;88;44;56;358;480;109;84;80;378;58;107;201;199;98;281;149;90;653;61;499;30;49;481;46;62;36;26;113;160;1198;167;17;25;315;381;48;125;32;16;113;120;362
"Bacteria;Firmicutes;Clostridia;Clostridiales;Lachnospiraceae;;";0;23;4;15;50;81;4;73;10;2;65;3;39;4;30;50;63;46;0;0;10;15;20;62;0;40;0;17;1;1;8;7;23;0;13;14;0;97;1;16;7;4;43;0;23;46;16;0;51;13;0;0;0;3;3;22;0;12;16;110;40;0;24;3;14;27;0;11;29;12;0;63;1;62;49;0;18;0;4;0;57;2;12;47;7;11
"Bacteria;Deferribacteres;Deferribacteres;Deferribacterales;Deferribacteraceae;Mucispirillum;";49;255;56;134;88;14;5;283;151;120;94;102;293;121;236;360;37;80;173;190;333;74;44;127;17;137;176;151;220;150;257;41;140;43;232;82;108;24;137;54;72;180;62;53;2;162;18;172;94;154;184;39;310;335;426;45;354;100;286;29;351;145;229;233;264;31;174;299;197;117;269;142;238;544;145;45;252;125;376;280;111;66;9;98;86;108
"Bacteria;Firmicutes;Clostridia;Clostridiales;Lachnospiraceae;;";119;338;12;36;673;162;57;123;342;88;183;228;179;9;116;513;999;688;146;312;475;168;233;528;12;717;64;51;130;974;139;266;112;4;46;178;18;322;34;157;57;73;169;153;134;454;252;425;289;416;28;67;37;201;489;74;199;89;132;196;333;162;66;70;596;61;167;56;85;79;77;101;118;308;166;0;56;164;167;561;106;38;500;177;292;116
"Bacteria;Firmicutes;Clostridia;Clostridiales;Lachnospiraceae;;";70;97;13;12;22;22;1;152;24;48;7;112;177;11;2;24;15;50;56;79;7;23;47;57;51;25;129;15;163;52;121;41;38;0;46;0;21;15;115;4;61;81;36;12;21;40;3;78;1;121;187;13;32;27;41;6;118;153;136;52;285;89;3;115;26;1;92;0;56;5;27;33;119;288;17;0;52;49;59;26;31;3;35;8;9;64
"Bacteria;Firmicutes;Clostridia;Clostridiales;Lachnospiraceae;;";11;3;53;14;45;33;8;4;35;0;2;255;3;10;0;8;20;8;10;21;1;62;17;13;35;8;75;41;36;14;11;7;6;0;27;0;24;26;20;11;12;28;9;3;19;1;11;8;73;12;0;3;11;13;13;14;6;4;43;2;1;36;0;123;0;9;120;2;35;0;121;6;41;108;5;0;0;43;75;30;6;0;29;4;6;12
"Bacteria;Firmicutes;Clostridia;Clostridiales;Lachnospiraceae;;";66;138;413;0;176;310;0;0;1691;3;14;201;40;115;0;0;70;18;12;66;1;356;239;29;111;19;57;64;326;0;38;958;539;0;247;2;0;40;21;22;9;39;369;1;3;1;150;3;11;154;0;0;665;39;187;420;1;65;0;84;0;15;0;84;1;97;303;0;116;0;69;8;45;553;85;0;0;20;0;2277;259;0;218;377;73;245
"Bacteria;Firmicutes;Clostridia;Clostridiales;Lachnospiraceae;;";1;10;16;1;36;41;10;0;163;6;3;19;8;11;0;0;24;26;0;140;2;20;8;80;2;223;134;66;11;16;34;52;4;0;28;0;0;25;17;2;2;20;35;0;1;94;15;0;25;19;11;1;5;56;11;8;15;21;1;28;0;14;8;8;5;4;28;1;36;1;19;5;2;128;17;0;1;0;37;116;4;0;49;82;11;150
"Bacteria;Cyanobacteria;Melainabacteria;Gastranaerophilales;;;";0;0;0;0;0;0;0;0;0;0;0;0;0;0;0;0;0;0;0;0;0;0;0;0;0;0;0;0;0;0;0;0;0;0;0;0;0;0;0;0;0;0;0;0;0;0;0;0;0;0;157;0;0;0;0;0;0;0;0;0;0;0;0;0;0;0;0;0;0;0;0;0;0;0;0;0;0;0;0;0;0;0;0;0;0;0
"Bacteria;Firmicutes;Clostridia;Clostridiales;Lachnospiraceae;;";15;271;149;2;64;31;0;507;71;46;51;110;3;58;1;179;66;26;180;7;0;227;2;15;145;80;107;54;767;299;976;116;84;2;77;2;32;479;0;50;16;30;62;227;76;3;341;612;64;200;583;0;190;53;430;110;0;101;681;78;71;477;22;1068;14;1;41;1;99;6;309;83;8;4;16;0;31;531;6;170;6;6;0;40;31;20
"Bacteria;Firmicutes;Clostridia;Clostridiales;Lachnospiraceae;Blautia;";0;0;0;0;0;0;0;0;1;0;0;0;0;0;1;0;0;0;0;0;0;0;1;0;0;0;0;0;0;0;0;1;0;0;0;0;0;0;0;0;0;0;0;0;1;0;0;0;0;0;176;0;0;0;0;0;1;0;0;0;0;0;0;0;0;0;0;0;11;0;0;0;0;0;0;0;0;0;0;0;1;0;0;0;0;0
"Bacteria;Firmicutes;Clostridia;Clostridiales;Lachnospiraceae;;";32;23;3;1;4;0;0;0;1;12;6;20;7;0;0;0;72;24;25;0;0;51;98;4;43;2;22;0;1;0;19;3;10;0;22;0;18;3;0;71;7;29;0;21;55;0;94;14;4;66;3;3;2;47;6;8;4;0;12;6;0;54;0;13;0;2;25;0;1;0;38;5;6;13;7;0;2;3;0;5;5;0;59;20;42;4
"Bacteria;Firmicutes;Clostridia;Clostridiales;Lachnospiraceae;Blautia;";1028;889;844;36;767;207;568;869;1169;620;367;949;881;1315;8;254;2545;250;911;1276;49;1177;1222;202;901;2350;2307;1079;666;936;630;1707;725;14;320;194;1018;1018;275;662;606;655;163;414;681;1725;1422;518;561;1223;1645;914;955;917;2641;948;1319;849;371;718;2174;1100;30;782;125;413;867;38;1968;125;1136;468;781;1554;682;3;410;203;1701;681;1272;606;2612;283;341;764
"Bacteria;Firmicutes;Clostridia;Clostridiales;Lachnospiraceae;;";375;297;259;15;139;96;10;14;736;30;136;194;97;216;59;20;103;92;708;26;17;66;353;75;517;159;244;432;26;80;76;237;98;32;125;26;288;348;24;102;149;362;136;210;185;87;189;527;511;298;30;269;163;47;317;148;240;133;200;124;7;382;9;373;47;71;147;45;633;19;203;98;236;401;92;1;72;313;17;205;167;31;243;125;181;173
"Bacteria;Firmicutes;Clostridia;Clostridiales;Lachnospiraceae;;";2;0;40;0;0;5;1;0;24;1;4;56;1;74;0;0;0;0;62;6;0;16;0;0;42;44;257;0;103;15;1;27;2;0;3;0;29;87;0;94;3;8;32;8;0;30;6;8;0;4;6;45;146;56;125;0;7;0;159;28;0;41;0;20;1;1;2;0;159;0;0;1;34;1;23;0;0;12;0;0;74;0;0;5;47;0
"Bacteria;Firmicutes;Clostridia;Clostridiales;Lachnospiraceae;Blautia;";421;1;1;0;4;3;57;0;35;6;91;163;48;152;14;0;4;24;4;481;0;128;47;70;3;115;233;345;173;1;141;13;125;5;33;13;3;55;159;4;175;474;146;5;2;1;10;2;24;14;149;1;2;10;51;88;646;2;70;0;77;361;0;143;37;498;292;0;6;1;611;219;258;485;32;0;82;3;5;464;115;0;113;1;10;404
"Bacteria;Firmicutes;Clostridia;Clostridiales;Lachnospiraceae;Roseburia;";28;45;286;17;110;66;307;0;38;56;55;226;549;38;0;27;25;36;27;108;1;23;206;47;2;59;12;5;349;7;561;74;3;0;17;4;21;202;284;95;65;108;3;13;42;29;75;19;774;43;1;0;832;852;2;4;64;88;470;202;1;11;0;1313;0;17;12;0;7;0;719;151;85;525;66;0;0;39;71;35;13;3;13;62;40;120
"Bacteria;Firmicutes;Clostridia;Clostridiales;Ruminococcaceae;;";137;95;30;60;109;164;3;184;132;69;207;229;203;80;152;133;95;151;266;226;53;93;64;160;209;171;101;64;262;170;242;140;182;92;144;51;80;220;175;144;217;312;94;279;196;100;78;206;300;220;125;148;112;172;272;189;304;175;221;116;280;250;84;273;358;140;148;61;60;129;24;188;228;497;253;38;83;306;108;231;206;47;50;127;173;259
"Bacteria;Firmicutes;Clostridia;Clostridiales;Ruminococcaceae;;";0;183;134;4;248;159;0;53;345;185;0;297;137;135;18;10;324;231;0;4;88;182;62;46;6;234;47;205;149;273;9;237;472;156;28;1;34;124;28;64;93;0;10;0;133;295;49;0;66;231;0;202;73;98;223;258;2;355;110;96;453;94;88;50;161;147;120;0;140;8;1;81;160;133;80;12;113;13;1;109;186;149;123;74;99;107
"Bacteria;Bacteroidetes;Bacteroidia;Bacteroidales;S24-7;;";59;31;7;189;96;122;32;144;18;118;103;55;30;1;962;530;141;142;57;71;215;32;34;58;11;83;1;19;21;205;119;137;131;152;38;273;12;66;3;80;188;66;89;18;89;236;73;54;67;86;138;148;12;82;47;185;7;130;40;136;141;24;573;29;487;124;10;354;23;262;1;124;19;10;256;648;309;22;14;17;95;355;21;125;140;7
"Bacteria;Firmicutes;Clostridia;Clostridiales;Lachnospiraceae;Blautia;";492;154;234;25;158;77;209;56;204;265;60;74;107;174;39;41;164;147;239;85;89;368;92;220;602;827;638;122;131;220;103;835;88;12;110;17;432;135;107;308;77;171;152;817;147;91;398;376;147;100;199;171;218;150;145;63;64;200;50;113;163;109;182;83;72;24;62;32;262;41;251;71;91;500;40;1;36;314;318;490;71;67;510;215;293;278
"Bacteria;Firmicutes;Clostridia;Clostridiales;Ruminococcaceae;;";37;43;11;9;44;26;4;49;23;15;58;92;70;11;40;14;8;45;236;55;29;32;7;45;12;42;27;2;95;61;314;49;66;27;19;7;4;72;50;57;111;217;23;140;44;65;19;90;169;91;12;46;14;33;109;66;91;44;263;59;22;113;25;366;6;35;30;17;19;28;4;75;95;628;86;27;7;145;146;33;81;10;6;30;79;47
"Bacteria;Firmicutes;Clostridia;Clostridiales;Lachnospiraceae;;";0;0;23;193;0;0;0;362;124;0;1;238;6;16;41;222;0;0;0;154;0;208;95;571;385;0;395;108;261;0;114;1;198;0;5;1;266;170;0;41;11;276;4;102;1;0;6;14;0;0;0;228;327;5;201;172;2;0;138;256;0;104;0;153;0;73;6;0;177;31;464;3;388;957;255;0;0;94;662;1;1;0;1;3;88;17
"Bacteria;Firmicutes;Clostridia;Clostridiales;;;";15;8;3;0;1;0;0;2;8;1;5;12;4;2;1;2;2;2;0;1;1;8;1;15;0;3;0;0;24;8;1;5;3;3;7;4;0;21;8;2;10;36;6;16;2;25;0;176;41;21;0;0;9;16;28;27;13;2;0;0;13;36;1;0;4;7;36;6;0;1;110;1;26;11;0;0;1;76;0;10;5;2;0;3;1;2
"Bacteria;Firmicutes;Clostridia;Clostridiales;Lachnospiraceae;;";26;8;10;3;49;29;16;11;19;12;34;49;22;30;8;30;91;33;21;6;14;17;32;20;43;25;22;64;4;15;9;93;14;3;10;15;35;41;0;38;125;22;10;9;78;19;28;12;28;10;12;19;27;31;10;31;14;22;6;15;10;15;7;6;4;12;22;15;31;14;8;44;15;57;22;2;11;9;61;29;39;9;59;52;52;51
"Bacteria;Firmicutes;Clostridia;Clostridiales;Ruminococcaceae;Oscillibacter;";65;27;5;7;114;62;2;15;10;8;48;225;89;17;11;47;66;55;206;57;1;55;43;23;23;70;49;21;67;11;127;53;35;5;34;8;17;163;48;63;121;66;97;88;60;8;49;78;248;32;12;43;45;22;63;128;119;78;52;32;9;89;12;34;8;130;20;10;26;18;43;50;59;185;180;0;9;105;62;54;60;6;9;49;78;32
"Bacteria;Firmicutes;Clostridia;Clostridiales;Lachnospiraceae;;";273;392;21;32;70;86;12;503;114;132;20;344;495;74;8;90;37;172;194;244;46;51;137;150;198;60;533;81;534;181;399;133;111;0;170;1;84;59;370;24;183;212;117;53;90;134;42;331;0;406;640;32;102;85;124;25;412;485;508;143;856;214;4;402;81;18;362;0;154;9;93;47;459;1004;53;0;180;248;236;72;97;16;105;18;40;157
"Bacteria;Firmicutes;Clostridia;Clostridiales;Lachnospiraceae;Blautia;";258;19;34;3;101;10;16;142;208;106;6;125;27;106;1;23;351;29;179;29;5;233;90;18;176;209;45;190;94;103;34;23;32;0;60;4;167;22;17;1;13;112;7;84;39;256;186;101;15;35;69;70;185;83;100;25;153;128;8;48;112;18;1;50;11;10;47;0;150;16;85;10;19;110;13;0;10;46;37;61;36;16;236;9;12;27
"Bacteria;Firmicutes;Clostridia;Clostridiales;Lachnospiraceae;;";0;0;0;0;562;128;0;0;1;5;1;7;459;1;0;0;18;39;1009;0;22;25;1;577;564;81;75;0;1;1;0;2;69;0;660;0;1150;470;0;719;2;0;235;833;70;0;664;611;56;0;0;866;732;662;0;221;0;103;1;0;0;0;0;152;50;0;234;0;0;0;1;88;0;1;195;0;141;665;0;0;311;0;0;297;317;5
"Bacteria;Firmicutes;Clostridia;Clostridiales;Lachnospiraceae;;";570;2;0;0;0;41;0;0;1;91;127;243;94;6;312;1;0;0;52;198;217;31;2;225;66;1;53;2;804;345;248;36;249;0;485;0;120;283;502;73;29;736;198;0;0;0;1;66;231;31;0;280;5;387;124;258;583;1;0;230;2;3;9;2;0;43;43;4;3;1;34;378;0;680;700;0;2;402;0;76;431;8;1;16;195;69
"Bacteria;Firmicutes;Clostridia;Clostridiales;Lachnospiraceae;;";0;317;0;0;87;0;0;41;34;19;1;2;0;0;2;171;282;44;0;75;0;18;0;82;0;13;1;0;0;0;0;0;3;0;51;0;2;14;649;0;1;0;0;1;1;1;0;0;2;760;0;0;320;0;2;4;0;289;0;0;0;0;0;0;57;6;1;86;4;16;336;3;0;800;0;0;0;0;1;0;16;20;2;0;185;1
"Bacteria;Firmicutes;Clostridia;Clostridiales;Defluviitaleaceae;;";166;344;87;0;265;183;68;307;531;13;83;132;294;790;6;2;355;307;74;339;50;695;173;453;88;541;146;1;282;238;375;346;137;0;435;14;63;121;135;551;158;136;63;468;905;325;307;298;606;332;17;130;885;432;384;157;246;257;297;105;0;208;0;331;0;189;352;0;468;0;439;178;430;488;233;0;69;374;434;984;215;4;172;254;294;1411
"Bacteria;Firmicutes;Clostridia;Clostridiales;Ruminococcaceae;;";15;137;17;0;170;93;0;19;39;29;70;8;212;81;3;5;116;74;106;112;20;221;12;222;20;156;143;11;203;15;56;198;222;15;102;2;93;272;134;160;118;9;76;329;386;13;148;229;148;218;7;115;3;182;365;219;11;161;32;158;41;278;19;244;3;68;15;43;80;39;3;90;108;167;136;0;12;272;8;98;333;8;6;135;85;58
"Bacteria;Firmicutes;Clostridia;Clostridiales;Lachnospiraceae;Blautia;";0;36;9;0;11;13;18;0;0;1;4;1;2;2;0;0;23;6;0;0;0;0;0;1;0;7;0;0;27;86;70;148;11;0;0;9;0;25;0;110;17;0;11;0;58;34;50;0;13;47;0;0;0;11;17;5;0;4;23;3;36;48;0;31;6;4;0;0;13;3;1;5;0;9;13;0;0;0;1;19;19;2;0;9;5;82
"Bacteria;Firmicutes;Clostridia;Clostridiales;Lachnospiraceae;;";12;18;80;652;93;12;2;1406;442;5;8;897;32;32;109;836;49;162;35;516;2;795;358;1834;1447;73;1390;343;1024;1;425;39;666;3;22;1;826;547;2;163;38;1104;8;338;117;0;29;121;231;20;0;724;1330;32;833;649;42;103;542;874;3;425;27;608;1;249;33;2;699;118;1659;7;1377;3357;953;0;3;310;2751;19;8;4;11;7;359;103
"Bacteria;Firmicutes;Clostridia;Clostridiales;Lachnospiraceae;Roseburia;";3;53;202;0;879;518;207;1;197;44;17;0;189;1;0;0;511;672;8;7;0;54;0;6;0;21;0;3;58;117;2;194;46;1;21;4;5;324;8;127;21;5;410;0;833;0;134;0;135;77;14;0;2;69;0;95;43;251;1;1;0;0;0;2;28;47;571;6;72;91;43;8;0;11;45;0;0;13;0;0;263;1;13;505;490;0
"Bacteria;Bacteroidetes;Bacteroidia;Bacteroidales;Porphyromonadaceae;;";65;123;37;90;91;63;40;146;54;272;42;51;70;39;104;120;68;35;78;29;94;37;93;85;102;61;68;109;55;186;112;30;85;23;32;89;98;52;29;61;128;103;45;67;53;147;49;57;41;162;67;95;93;66;88;56;159;109;111;65;400;112;128;45;256;67;70;71;133;81;83;96;40;118;175;176;116;75;135;106;91;41;75;93;93;89
"Bacteria;Firmicutes;Clostridia;Clostridiales;Ruminococcaceae;;";138;311;16;302;96;214;17;61;131;217;77;390;263;33;217;163;104;272;43;87;468;129;70;124;17;67;33;6;309;264;545;422;44;110;218;112;23;262;168;315;112;281;106;158;110;401;70;112;274;554;221;92;152;247;237;55;190;155;283;129;289;504;207;234;268;19;67;116;79;108;2;43;362;325;84;185;402;95;64;203;5;158;166;295;236;222
"Bacteria;Firmicutes;Clostridia;Clostridiales;Lachnospiraceae;;";0;11;2;2;93;11;1;0;0;9;3;2;14;1;2;0;322;157;1;0;0;3;0;3;0;15;0;2;2;0;13;39;0;1;7;1;1;1;0;9;1;2;0;0;19;5;4;0;71;12;0;0;18;0;2;0;0;6;12;0;0;1;0;3;0;0;4;0;10;3;0;7;3;11;4;0;0;0;0;30;5;0;0;5;2;73
"Bacteria;Firmicutes;Clostridia;Clostridiales;Ruminococcaceae;;";97;58;8;168;90;117;9;309;72;31;89;113;109;14;142;121;69;81;99;69;397;38;46;86;33;109;52;39;196;169;80;150;90;37;54;46;26;160;24;101;94;138;61;51;135;219;79;155;214;131;368;85;33;87;156;97;105;137;148;106;245;218;150;105;447;56;35;38;98;83;8;103;144;125;106;43;420;100;31;84;49;156;53;99;85;142
"Bacteria;Firmicutes;Clostridia;Clostridiales;Lachnospiraceae;;";64;34;3;0;227;67;3;0;2;19;3;5;20;0;11;0;89;310;62;0;13;21;0;19;30;129;12;0;4;0;52;145;0;0;7;0;9;34;5;43;24;26;23;30;535;0;126;31;380;34;0;0;30;0;66;0;60;482;7;0;0;0;93;33;4;2;50;0;16;0;5;0;1;6;0;0;2;47;0;15;40;6;45;42;119;33
"Bacteria;Firmicutes;Clostridia;Clostridiales;Lachnospiraceae;;";48;24;5;10;103;33;1;11;60;23;41;177;130;5;100;49;166;151;240;223;17;8;67;76;295;92;48;124;154;18;94;43;157;8;12;83;187;44;13;53;51;146;56;27;59;162;61;130;170;98;60;73;13;111;358;97;308;74;84;81;37;47;63;132;29;108;85;32;207;148;75;40;38;375;155;3;27;67;248;20;100;17;9;57;76;70
"Bacteria;Firmicutes;Clostridia;Clostridiales;Lachnospiraceae;;";28;2;34;2;23;11;16;19;10;8;8;26;14;32;0;31;6;15;16;21;4;8;13;20;16;12;33;11;41;9;22;11;7;2;4;4;7;27;16;122;8;20;43;15;113;8;83;26;53;5;12;34;47;2;37;15;17;14;31;13;2;20;4;29;1;9;6;15;52;18;88;15;8;120;11;1;46;22;36;33;34;1;15;2;27;26
"Bacteria;Firmicutes;Clostridia;Clostridiales;Ruminococcaceae;;";56;10;2;2;8;20;0;3;3;3;9;0;5;0;2;0;14;6;72;6;0;6;11;1;3;12;0;2;5;2;6;4;4;0;16;1;15;2;4;7;23;129;2;16;37;1;40;16;32;34;3;0;0;5;20;5;0;3;36;0;0;2;2;9;3;9;1;12;15;25;5;44;2;33;5;1;1;10;4;0;2;2;11;13;9;2
"Bacteria;Firmicutes;Bacilli;Lactobacillales;Lactobacillaceae;Lactobacillus;";131;54;782;14;190;1;2916;110;147;100;25;15;25;657;5;98;116;167;115;15;17;125;176;53;329;226;184;586;29;55;146;96;7;73;196;4;685;38;6;120;61;24;3;90;43;14;94;32;70;192;16;0;246;55;2;9;6;63;6;59;45;57;5;60;11;32;118;10;155;16;1110;80;8;12;34;66;55;81;414;215;19;14;166;67;78;292
"Bacteria;Firmicutes;Clostridia;Clostridiales;;;";0;28;2;0;11;0;0;0;0;0;0;0;5;23;1;0;1;9;0;0;0;0;3;0;0;0;1;0;8;0;2;17;0;0;0;0;0;1;0;0;0;5;0;2;0;0;0;6;2;23;0;0;2;18;140;0;2;0;0;0;0;7;4;0;0;0;24;4;5;1;0;1;17;0;0;1;0;6;1;0;0;0;10;0;3;5
"Bacteria;Firmicutes;Clostridia;Clostridiales;;;";0;0;0;0;11;0;0;1;0;0;0;0;0;0;2;0;5;11;0;0;10;0;0;0;0;8;0;0;0;0;1;0;0;0;0;0;0;0;0;0;0;0;0;0;3;35;0;0;0;0;0;0;0;0;0;0;0;0;0;0;0;0;44;0;0;0;0;0;0;172;0;0;0;0;0;0;0;0;0;0;0;0;0;0;0;0
"Bacteria;Firmicutes;Clostridia;Clostridiales;Lachnospiraceae;;";20;16;0;3;26;20;1;130;42;9;13;12;26;26;1;20;26;15;13;58;6;22;13;58;13;35;2;19;14;0;1;20;16;1;8;0;15;10;1;27;11;38;9;12;12;33;42;26;0;18;14;29;14;17;14;27;16;7;6;23;1;21;1;0;12;7;18;0;53;7;21;18;11;57;39;1;4;43;35;24;19;0;11;43;13;48
"Bacteria;Bacteroidetes;Bacteroidia;Bacteroidales;Rikenellaceae;Alistipes;";0;17;1;45;16;43;42;136;19;372;22;20;6;2;612;106;67;31;37;25;257;27;6;5;33;21;2;26;27;194;27;138;207;194;7;313;11;11;1;71;83;29;51;2;70;206;27;0;1;19;332;22;1;73;27;161;0;40;144;4;77;8;332;6;281;147;1;370;19;144;0;38;37;5;81;411;414;0;14;16;50;683;20;15;13;6
"Bacteria;Firmicutes;Clostridia;Clostridiales;Lachnospiraceae;Blautia;";0;151;6;1;57;42;7;110;1;1;10;46;37;0;0;2;182;68;5;22;9;8;16;62;0;48;0;0;0;0;14;145;21;0;20;4;0;42;0;132;8;1;15;2;153;4;137;5;32;75;0;16;5;46;11;13;1;124;2;68;8;49;1;5;1;17;8;13;26;1;0;11;18;38;9;0;8;5;5;19;27;8;39;37;8;6
"Bacteria;Bacteroidetes;Bacteroidia;Bacteroidales;Rikenellaceae;Rikenella;";45;59;91;109;105;78;71;33;80;201;37;51;67;120;44;326;108;115;130;52;89;41;105;121;49;150;50;217;13;101;23;22;87;4;43;110;56;51;52;60;82;87;75;41;78;31;103;60;8;54;150;94;26;63;44;111;91;153;44;82;408;47;41;11;198;103;8;43;140;32;112;40;12;123;132;96;14;35;76;75;62;46;37;31;205;63
"Bacteria;Firmicutes;Clostridia;Clostridiales;Ruminococcaceae;;";33;279;7;6;97;37;4;6;7;3;59;157;220;113;30;28;3;168;117;145;7;36;14;74;13;138;9;66;185;32;196;77;26;1;68;2;11;94;11;28;133;55;45;14;21;21;77;118;150;168;3;1;60;53;155;61;49;98;72;101;24;97;7;156;20;28;71;5;75;3;5;94;68;156;69;7;8;122;19;89;27;1;11;57;111;58
"Bacteria;Firmicutes;Clostridia;Clostridiales;Ruminococcaceae;;";109;140;117;16;100;83;83;65;237;86;30;30;24;73;28;2;408;57;150;21;40;157;347;90;68;101;94;146;60;59;57;147;56;61;62;64;22;7;0;76;85;34;7;47;129;32;101;27;75;127;56;43;77;75;118;109;73;104;102;15;0;39;153;71;2;24;68;92;174;27;107;25;24;59;27;23;40;42;98;0;137;16;185;39;83;0
"Bacteria;Firmicutes;Clostridia;Clostridiales;Ruminococcaceae;;";170;203;27;74;89;113;15;157;69;70;143;163;172;132;126;185;100;207;162;184;92;106;72;207;150;207;88;111;232;422;209;151;155;25;132;74;55;220;98;160;213;202;192;192;127;501;112;218;289;277;129;121;111;193;184;139;241;188;233;156;196;201;181;259;57;98;110;44;74;70;31;149;174;354;219;39;150;239;169;196;220;81;38;249;151;347
"Bacteria;Firmicutes;Clostridia;Clostridiales;Ruminococcaceae;;";66;37;11;15;33;16;2;43;8;0;59;64;23;7;2;30;1;37;39;49;10;6;0;26;20;14;8;12;27;4;30;15;28;2;31;12;27;37;18;53;87;47;25;71;1;30;9;189;35;22;3;25;2;32;65;15;99;21;20;25;3;27;49;30;6;19;31;2;8;10;7;50;27;73;71;6;5;83;29;29;11;1;1;54;58;11
"Bacteria;Bacteroidetes;Bacteroidia;Bacteroidales;Porphyromonadaceae;Odoribacter;";90;338;138;472;407;301;133;941;103;788;116;435;447;261;482;960;281;122;255;137;697;15;171;773;131;160;246;511;313;587;371;137;216;5;6;638;142;617;128;20;140;602;469;322;11;482;105;70;528;45;630;421;187;364;289;321;287;235;282;388;68;456;550;279;1655;550;147;376;302;307;183;421;257;745;545;263;773;133;425;230;345;282;148;125;211;174
"Bacteria;Bacteroidetes;Bacteroidia;Bacteroidales;Bacteroidaceae;Bacteroides;";47;50;5;78;30;137;6;186;15;203;107;61;53;14;112;347;54;66;139;36;55;21;21;56;46;84;12;17;44;86;42;54;122;40;6;32;16;72;13;68;334;238;65;48;31;91;35;52;43;29;41;210;69;85;37;143;155;110;26;168;56;14;34;12;78;105;13;61;10;51;22;163;9;71;81;184;24;41;8;22;90;11;4;90;77;4
"Bacteria;Firmicutes;Bacilli;Lactobacillales;Lactobacillaceae;Lactobacillus;";84;0;656;13;214;0;1886;175;126;61;16;11;13;527;10;68;208;155;89;15;24;272;181;52;273;198;315;523;39;22;39;11;5;46;177;14;475;6;2;64;54;20;0;108;46;8;186;18;5;222;21;32;363;42;0;3;16;54;0;0;19;42;22;9;3;20;96;26;185;11;486;58;2;11;38;61;26;86;305;109;8;15;140;34;96;297
"Bacteria;Firmicutes;Clostridia;Clostridiales;Ruminococcaceae;;";106;40;2;5;1;7;16;161;150;6;32;71;8;136;4;143;20;6;4;22;21;0;34;2;137;48;0;93;0;7;5;26;38;0;0;3;67;40;23;43;38;71;0;0;0;32;10;0;9;58;17;33;40;2;61;14;139;4;0;24;41;1;22;59;11;3;70;10;15;5;59;7;28;106;7;0;3;1;37;41;49;2;57;7;71;303
"Bacteria;Firmicutes;Clostridia;Clostridiales;;;";0;33;0;0;3;0;0;3;16;1;21;4;2;2;5;0;0;6;1;3;0;5;2;0;1;6;0;8;37;7;137;3;0;0;10;0;3;54;0;4;11;0;102;4;1;79;0;8;40;44;0;2;3;4;40;0;0;5;25;0;192;4;2;43;0;0;2;1;3;1;1;9;97;7;0;1;2;15;9;3;0;1;0;13;0;1
"Bacteria;;;;;;";115;46;44;21;145;38;32;50;85;100;53;59;30;35;23;147;81;199;159;93;60;90;28;138;62;82;24;75;31;121;26;72;119;17;207;91;75;42;33;202;111;112;27;50;50;28;60;119;118;65;9;121;100;96;31;120;163;140;25;23;20;31;37;20;85;239;74;66;43;25;77;112;18;61;194;131;16;142;51;140;102;11;11;142;179;68
"Bacteria;Firmicutes;Clostridia;Clostridiales;Ruminococcaceae;;";108;207;3;8;29;65;3;41;9;14;169;20;76;38;16;125;20;91;88;102;37;19;29;70;3;60;13;10;149;30;78;39;78;63;67;15;0;85;89;76;382;394;27;85;162;69;93;168;254;229;30;179;15;54;59;112;470;88;113;193;45;198;39;43;40;52;75;15;9;32;8;108;83;304;57;8;43;241;11;13;71;19;42;84;67;29
"Bacteria;Firmicutes;Clostridia;Clostridiales;Ruminococcaceae;;";60;126;34;35;62;31;9;1;59;368;16;0;29;28;209;197;201;128;6;10;214;61;206;38;19;78;54;128;36;601;126;282;284;261;20;459;110;93;1;76;15;28;37;6;63;175;49;21;31;112;183;0;28;216;8;164;95;176;70;42;327;13;318;41;196;137;27;176;111;673;0;16;55;0;97;83;66;11;1;160;102;233;25;176;183;64
"Bacteria;Firmicutes;Clostridia;Clostridiales;Lachnospiraceae;;";226;19;2;4;66;67;50;24;10;0;24;320;10;38;50;59;47;123;265;502;4;0;114;51;370;207;68;91;108;18;155;26;52;2;4;7;26;28;29;107;69;0;29;100;128;38;138;39;21;36;7;22;58;34;177;15;90;231;41;34;7;10;27;395;1;9;0;16;82;25;202;29;221;111;14;2;12;74;90;95;43;9;64;46;126;182
"Bacteria;Bacteroidetes;Bacteroidia;Bacteroidales;S24-7;;";67;53;26;79;113;144;99;128;48;632;77;33;33;25;423;83;167;121;90;34;201;64;79;109;54;146;80;159;30;333;92;139;86;998;51;329;82;42;11;76;189;93;28;22;55;225;84;45;59;43;409;96;16;97;33;70;19;92;90;85;26;49;603;31;339;70;82;665;48;164;12;58;35;29;71;812;328;34;129;36;62;615;73;86;116;22
"Bacteria;Bacteroidetes;Bacteroidia;Bacteroidales;Prevotellaceae;;";19;12;1;16;11;148;4;421;1;56;74;21;48;0;86;76;3;34;39;1;100;10;1;17;2;3;0;0;44;207;36;9;225;344;12;190;1;12;2;28;185;62;65;16;7;177;12;8;22;30;67;125;6;47;17;85;8;72;92;97;257;25;269;17;167;142;11;100;3;53;1;120;21;5;83;158;340;12;7;5;80;467;0;42;36;2
"Bacteria;Firmicutes;Clostridia;Clostridiales;Ruminococcaceae;;";0;53;1;19;42;78;7;0;21;208;42;0;18;0;194;36;95;61;46;2;148;63;1;13;0;61;3;18;13;148;52;138;44;69;11;304;5;29;5;46;90;28;44;0;130;85;95;0;26;40;173;0;19;79;6;35;0;193;0;25;301;0;241;3;126;21;8;71;0;76;0;19;0;2;21;130;136;24;0;8;35;91;29;137;78;15
"Bacteria;Firmicutes;Clostridia;Clostridiales;Lachnospiraceae;;";4;42;3;7;8;19;3;51;6;3;18;2;30;5;54;6;3;28;15;12;11;20;5;24;7;11;25;20;35;29;35;23;5;7;19;10;4;29;3;14;18;20;48;7;65;127;5;6;109;85;9;10;10;25;47;14;24;29;26;28;1;28;31;33;53;3;28;43;5;8;3;24;28;3;20;0;17;4;24;12;29;4;8;28;20;38
"Bacteria;Bacteroidetes;Bacteroidia;Bacteroidales;Bacteroidaceae;Bacteroides;";3;3;1;74;0;3;2;458;1;2;5;3;2;5;54;39;0;4;98;6;31;1;10;2;1;3;1;6;9;5;1;3;43;540;3;32;0;5;1;2;17;15;4;8;3;3;5;2;4;2;8;4;6;3;3;13;14;9;15;8;33;21;68;2;25;17;1;3486;0;629;0;11;1;4;9;1187;387;1;9;0;7;234;7;0;5;2
"Bacteria;Bacteroidetes;Bacteroidia;Bacteroidales;S24-7;;";21;83;12;52;96;439;335;43;42;1135;536;5;76;0;1590;1;63;266;0;1;883;61;8;20;1;100;0;15;8;594;34;223;546;2028;206;2304;3;0;0;154;561;24;401;1;68;726;34;2;72;150;18;95;0;340;7;402;0;192;30;103;98;18;1665;13;397;565;75;316;21;2429;0;655;38;4;795;961;1305;0;66;5;0;3232;5;261;245;8
"Bacteria;Firmicutes;Clostridia;Clostridiales;Lachnospiraceae;;";59;72;232;0;237;51;141;0;82;1;15;29;111;44;13;18;149;110;0;41;0;74;36;77;57;210;83;53;54;16;49;122;26;1;35;1;83;41;96;114;83;24;45;129;127;4;114;29;123;61;4;35;53;54;164;16;75;93;81;53;0;109;2;56;0;33;67;33;127;8;198;50;85;310;19;0;1;128;5;87;26;0;12;31;112;95
"Bacteria;Firmicutes;Clostridia;Clostridiales;Ruminococcaceae;;";63;80;0;29;60;39;3;72;54;42;35;77;58;14;29;39;60;130;91;82;86;40;35;154;14;45;17;20;102;109;65;100;59;37;47;16;8;54;69;120;50;76;59;97;97;168;38;143;124;140;68;77;37;152;113;89;91;114;82;51;32;111;56;52;27;68;85;25;11;46;3;24;96;160;94;1;111;184;16;22;105;25;20;67;118;6
"Bacteria;Firmicutes;Clostridia;Clostridiales;Lachnospiraceae;Marvinbryantia;";140;174;134;25;188;124;142;34;161;62;24;29;76;90;1;18;83;174;233;72;0;180;224;100;64;91;131;19;84;27;70;144;49;180;68;2;97;85;3;99;129;53;29;185;78;22;170;58;99;102;4;52;134;104;109;98;25;132;140;67;15;159;21;57;16;77;127;75;192;45;72;62;3;38;175;15;35;127;29;48;107;3;89;54;138;36
"Bacteria;Firmicutes;Clostridia;Clostridiales;Lachnospiraceae;;";119;45;49;31;236;128;59;118;85;127;165;110;217;65;50;58;474;291;107;22;80;42;29;113;156;123;88;448;203;33;113;54;160;183;20;93;313;295;69;131;116;158;422;24;350;65;106;22;648;49;326;150;58;158;55;170;249;229;36;254;74;85;103;158;73;164;55;66;143;233;62;196;19;160;425;9;46;33;175;223;162;21;62;89;190;265
"Bacteria;Firmicutes;Clostridia;Clostridiales;Lachnospiraceae;Blautia;";42;83;0;65;7;22;14;1;16;5;7;85;7;83;0;13;2;34;280;41;8;10;3;63;1;72;129;0;323;3;49;27;0;96;51;0;0;50;38;2;23;109;56;21;2;11;2;76;22;401;85;0;168;2;6;3;288;1;223;35;0;813;0;242;7;0;56;217;0;28;57;9;70;54;41;3;6;17;38;14;1;14;40;1;1;63
"Bacteria;Firmicutes;Clostridia;Clostridiales;Lachnospiraceae;;";0;204;0;0;29;6;0;0;65;0;78;0;68;0;0;0;36;61;0;287;0;0;100;190;0;340;0;0;160;0;310;8;311;0;0;0;0;75;163;97;239;0;0;1;416;0;18;0;353;259;0;0;56;247;0;81;0;242;219;68;0;134;0;216;0;115;130;0;0;0;46;185;113;186;117;0;0;2;0;15;38;0;47;16;73;4
"Bacteria;Bacteroidetes;Bacteroidia;Bacteroidales;S24-7;;";89;34;13;29;6;130;11;67;7;173;76;44;30;11;137;66;10;39;155;17;107;25;11;26;23;19;12;17;36;152;45;39;106;2;74;143;13;13;9;68;137;101;53;75;9;81;18;40;26;82;11;226;15;38;34;103;62;73;35;48;122;38;88;28;169;102;44;31;3;10;16;145;11;27;227;54;73;35;40;14;114;103;4;57;55;13
"Bacteria;Proteobacteria;Deltaproteobacteria;Desulfovibrionales;Desulfovibrionaceae;Desulfovibrio;";159;72;1;0;109;110;0;11;32;40;229;147;95;0;53;0;144;130;4;0;68;38;33;50;0;95;0;2;21;0;75;72;144;2;65;0;0;104;0;69;255;77;95;14;78;5;104;14;165;176;30;161;0;48;61;322;69;111;23;65;7;106;2;50;17;174;11;0;2;0;0;183;17;60;480;1;4;8;0;2;299;20;27;133;95;2
"Bacteria;Bacteroidetes;Bacteroidia;Bacteroidales;S24-7;;";20;54;6;7;37;67;133;30;71;43;14;37;20;2;63;4;43;59;30;5;20;48;7;46;4;73;0;29;17;26;73;105;68;79;18;35;15;28;0;55;19;8;32;18;52;12;67;41;20;83;15;102;10;59;17;102;0;121;65;86;24;10;53;30;34;62;37;36;20;30;0;6;48;4;54;30;33;16;4;9;37;25;13;69;105;3
"Bacteria;Firmicutes;Bacilli;Lactobacillales;Lactobacillaceae;Lactobacillus;";252;0;342;8;213;0;702;63;120;28;8;19;4;122;1;128;245;73;14;7;22;135;169;30;190;171;88;211;27;10;89;74;6;84;83;4;123;0;1;57;22;3;3;116;71;8;101;14;5;33;4;0;92;114;0;6;4;64;0;0;3;22;1;11;5;15;128;17;44;1;26;17;2;0;24;33;0;317;119;64;8;3;303;97;73;102
"Bacteria;Bacteroidetes;Bacteroidia;Bacteroidales;S24-7;;";64;89;6;200;71;69;27;72;4;170;300;108;27;2;82;386;47;85;157;34;19;46;36;34;10;43;0;19;100;54;83;7;98;146;97;36;15;29;10;95;307;226;15;38;50;27;41;18;53;197;51;200;17;18;163;103;32;95;96;67;12;35;43;50;53;149;14;70;2;67;4;427;100;40;374;189;31;31;14;6;173;44;24;50;109;5
"Bacteria;Firmicutes;Clostridia;Clostridiales;Lachnospiraceae;Blautia;";3;10;6;93;374;753;146;27;331;622;448;180;168;18;1406;1;367;311;1;1;818;272;43;221;7;92;4;45;4;1509;1;586;363;1563;124;472;12;173;11;556;514;90;450;5;270;1232;260;18;41;37;401;10;43;653;2;378;4;303;8;238;2;0;1319;2;567;66;34;674;87;1106;9;383;47;23;901;155;325;18;8;29;630;394;12;520;328;33
"Bacteria;Firmicutes;Clostridia;Clostridiales;Lachnospiraceae;;";72;46;12;18;57;46;85;224;83;26;30;101;17;124;35;377;52;33;23;99;39;90;88;29;95;202;53;79;123;196;78;208;47;3;21;8;67;63;89;25;62;193;19;54;233;49;61;30;56;19;104;96;175;52;49;156;120;51;153;69;153;92;13;78;48;267;7;6;275;19;260;31;54;174;65;1;45;63;194;93;86;5;75;20;130;87
"Bacteria;Firmicutes;Clostridia;Clostridiales;Lachnospiraceae;;";4;154;30;46;9;42;5;3;63;18;28;220;36;20;28;59;0;20;91;98;77;40;5;3;2;23;239;2;52;0;157;117;5;6;93;2;12;15;18;59;152;105;87;71;9;391;9;193;20;297;127;40;216;14;196;1;10;51;13;14;0;84;16;129;15;64;156;0;185;9;60;18;346;125;5;2;0;20;118;8;3;0;10;51;126;24
"Bacteria;Bacteroidetes;Bacteroidia;Bacteroidales;S24-7;;";35;85;7;40;70;83;51;89;38;72;116;51;20;10;131;95;85;88;51;32;72;60;43;30;25;60;6;46;25;68;120;81;92;14;49;70;11;48;6;103;156;79;30;49;61;79;58;56;99;130;30;105;4;87;36;102;13;116;69;86;38;25;67;26;122;76;13;16;18;41;2;71;26;9;111;24;81;79;48;12;75;65;16;85;149;8
"Bacteria;Bacteroidetes;Bacteroidia;Bacteroidales;S24-7;;";68;175;15;15;120;254;430;113;243;156;45;137;60;3;223;21;151;224;104;13;58;147;58;136;10;243;0;68;54;88;292;328;251;259;108;111;33;77;3;198;97;48;99;60;188;59;242;98;52;306;32;380;31;201;46;341;0;459;187;277;65;27;205;126;128;221;65;80;75;70;0;32;135;9;163;80;92;53;27;36;115;80;58;225;342;18
"Bacteria;Firmicutes;Clostridia;Clostridiales;Lachnospiraceae;Blautia;";0;0;0;0;12;0;0;0;3;0;51;0;0;0;818;0;14;169;0;1;33;0;0;46;0;1;0;0;0;0;0;1;0;0;0;0;0;0;0;52;55;0;0;0;201;0;18;0;0;6;0;0;0;1;0;0;0;23;0;0;0;0;607;1;0;0;1;0;0;0;0;13;0;0;0;0;0;0;0;0;2;0;357;0;0;0
"Bacteria;Bacteroidetes;Bacteroidia;Bacteroidales;Rikenellaceae;Alistipes;";34;32;4;7;61;209;8;5;12;0;104;125;48;0;19;44;69;26;117;108;4;21;41;144;0;104;0;6;46;0;58;13;148;9;1;14;2;114;37;29;350;213;55;45;26;3;36;32;107;37;3;84;6;19;112;91;216;51;65;139;10;102;12;34;13;74;29;27;0;14;0;252;42;136;114;26;1;38;1;9;71;16;33;17;28;0
"Bacteria;Firmicutes;Clostridia;Clostridiales;Lachnospiraceae;;";185;841;46;39;39;8;788;84;163;0;18;121;5;582;0;95;27;26;64;6;96;1087;178;108;8;210;3;0;106;10;4;10;172;0;34;5;9;34;46;244;52;7;11;94;31;1;48;45;21;379;78;203;64;19;8;118;0;11;5;47;0;25;3;19;4;77;8;0;73;0;8;151;38;121;291;0;0;181;35;624;345;0;60;7;11;76
"Bacteria;Bacteroidetes;Bacteroidia;Bacteroidales;S24-7;;";32;89;0;36;108;239;4;5;46;7;144;19;78;0;3;8;28;226;227;5;7;58;22;31;1;22;0;0;53;15;87;74;89;2;131;9;0;32;0;77;175;39;88;26;27;18;72;20;59;257;3;233;0;112;82;118;5;125;127;146;0;58;2;72;45;134;24;42;0;10;0;108;31;17;263;220;4;19;0;0;148;11;14;142;125;0
"Bacteria;Firmicutes;Clostridia;Clostridiales;Lachnospiraceae;;";68;39;18;3;53;76;8;0;54;0;44;90;48;4;3;0;8;69;119;19;12;119;12;28;92;44;52;34;111;101;66;116;26;0;15;1;14;43;35;8;85;136;24;57;26;16;11;56;76;77;11;3;38;3;180;40;89;5;121;46;6;149;65;189;7;18;87;12;8;18;54;26;26;282;55;0;0;96;0;192;65;0;1;69;32;150
"Bacteria;Firmicutes;Clostridia;Clostridiales;Lachnospiraceae;Roseburia;";55;40;84;0;0;0;84;2;280;0;60;0;0;173;4;0;0;0;0;0;3;184;150;0;0;0;41;0;104;0;94;301;0;14;71;1;3;0;1;180;215;64;118;0;198;51;59;0;0;83;12;82;62;0;74;0;44;68;91;149;0;6;2;147;0;0;111;25;55;0;26;114;4;82;0;0;2;0;31;140;2;4;138;0;163;108
"Bacteria;Firmicutes;Clostridia;Clostridiales;Ruminococcaceae;;";66;161;95;47;98;84;75;137;59;205;40;68;77;103;106;65;79;138;52;11;192;112;30;89;69;92;99;186;83;199;60;75;96;19;38;155;55;116;18;75;43;59;96;95;112;206;52;95;181;207;109;97;147;114;84;131;42;91;73;29;168;118;150;83;104;77;126;31;127;51;89;55;65;60;139;68;121;104;84;77;115;87;37;70;87;96
"Bacteria;Bacteroidetes;Bacteroidia;Bacteroidales;S24-7;;";15;28;3;22;7;103;10;202;8;74;22;15;20;0;377;52;2;12;49;7;344;6;17;10;1;19;0;18;18;206;40;12;25;159;6;253;2;2;2;7;16;26;18;20;6;106;6;7;1;55;45;51;2;15;20;21;11;24;43;40;86;13;270;18;239;24;10;181;0;74;1;13;11;13;26;163;147;14;11;7;10;464;9;14;12;1
"Bacteria;Firmicutes;Clostridia;Clostridiales;Ruminococcaceae;Anaerotruncus;";51;119;23;5;68;48;12;28;129;30;7;56;53;5;6;35;65;49;30;24;7;104;81;101;6;84;36;90;65;17;97;141;27;0;72;1;21;48;32;77;45;31;154;5;75;38;26;29;88;183;1;92;117;211;120;52;2;39;88;47;49;41;10;113;10;29;223;6;51;0;43;56;74;112;27;0;5;23;84;21;19;4;8;75;74;56
"Bacteria;Bacteroidetes;Bacteroidia;Bacteroidales;Rikenellaceae;Alistipes;";143;196;233;132;355;234;368;986;158;728;24;188;124;569;47;980;279;172;171;98;784;212;439;249;1544;163;925;509;369;909;321;126;131;1;64;125;1293;254;180;124;63;466;136;210;205;330;81;332;343;579;96;140;551;150;349;29;1326;174;371;226;1746;411;534;331;1551;130;241;2;633;172;882;21;333;762;130;3;376;508;894;522;131;185;394;169;309;600
"Bacteria;Bacteroidetes;Bacteroidia;Bacteroidales;Rikenellaceae;;";6;50;1;98;29;146;57;825;14;845;60;22;46;18;531;428;27;18;24;30;276;43;14;37;15;17;4;70;42;263;36;23;182;201;2;493;26;11;4;4;108;72;63;57;11;242;7;8;6;66;96;143;29;34;43;57;16;54;102;116;523;36;368;14;311;62;23;633;16;724;3;117;21;30;133;558;353;26;60;13;57;523;13;29;28;9
"Bacteria;Firmicutes;Clostridia;Clostridiales;Lachnospiraceae;;";122;0;1;0;3;1;7;19;0;6;0;207;53;2;0;64;0;2;0;1;1;57;1;4;7;0;6;0;347;17;105;16;112;0;46;1;0;50;177;0;2;290;28;0;0;33;0;2;86;0;0;62;103;24;110;88;491;0;90;67;56;1;2;70;8;87;19;0;1;1;0;25;63;175;119;0;2;0;0;0;141;2;3;3;0;15
"Bacteria;Firmicutes;Clostridia;Clostridiales;Clostridiaceae 1;Candidatus Arthromitus;";1;58;79;0;3;2;137;2;135;2;1;5;4;61;6;3;23;1;75;14;2;25;404;27;117;4;15;145;13;3;116;12;5;4;13;2;109;6;25;14;20;24;2;43;2;3;3;33;3;50;0;2;168;29;28;1;18;6;61;1;4;40;3;54;25;0;102;2;174;2;179;1;27;49;25;16;2;120;94;110;1;1;144;12;8;17
"Bacteria;Firmicutes;Clostridia;Clostridiales;Ruminococcaceae;;";160;207;27;83;90;115;24;183;50;81;173;379;106;56;156;162;37;194;153;136;96;39;17;89;101;138;194;95;200;118;266;122;137;26;107;151;58;236;72;149;228;294;112;156;139;102;67;319;390;235;130;113;42;215;335;240;218;247;326;154;269;144;151;176;118;103;109;56;80;152;53;203;294;262;185;69;199;184;69;119;285;59;22;242;151;111
"Bacteria;Firmicutes;Clostridia;Clostridiales;Lachnospiraceae;;";224;6;24;0;10;3;9;170;19;0;37;68;84;8;0;7;10;9;444;16;0;46;8;17;531;16;46;10;42;1;39;6;7;40;98;0;144;136;36;21;233;143;2;208;30;11;4;86;217;16;0;37;10;4;65;6;52;8;69;9;0;128;1;103;0;9;14;1;70;31;330;47;16;193;5;3;1;77;39;12;2;0;18;7;12;37
"Bacteria;Firmicutes;Clostridia;Clostridiales;Lachnospiraceae;;";0;46;0;0;0;77;39;0;385;0;74;0;90;0;0;0;0;0;0;0;482;371;0;5;0;69;1;0;0;0;0;0;1;0;179;1;0;79;3;415;148;1;1;0;0;1;120;0;6;153;0;0;0;0;0;53;12;5;0;0;1;0;1;0;0;149;144;0;1;0;0;342;0;0;0;0;0;0;2;680;158;0;222;50;0;384
"Bacteria;Firmicutes;Clostridia;Clostridiales;Ruminococcaceae;;";65;74;23;27;84;71;32;111;54;144;24;55;56;46;55;33;99;91;81;59;82;47;24;83;26;95;50;51;41;131;55;103;162;24;37;93;56;52;30;92;65;50;56;63;59;103;64;79;96;72;79;78;34;76;71;72;56;151;66;71;141;47;151;28;86;68;48;235;90;114;46;50;35;92;89;38;90;82;60;31;67;120;21;60;103;34
"Bacteria;Firmicutes;Clostridia;Clostridiales;Lachnospiraceae;;";7;8;16;19;92;5;1;4;6;1;43;1;26;3;25;295;254;24;28;3;3;28;8;34;130;64;170;37;5;7;12;45;63;7;2;42;46;32;2;7;20;138;43;10;73;336;14;25;23;2;65;136;9;180;56;80;63;39;2;57;128;100;16;1;33;24;14;6;70;123;210;34;3;153;36;0;31;10;114;21;47;20;8;11;45;4
"Bacteria;Firmicutes;Clostridia;Clostridiales;Lachnospiraceae;;";72;11;26;2;52;31;15;71;254;6;12;60;16;51;19;19;80;69;114;62;20;71;43;47;75;48;103;66;8;7;13;53;37;1;30;6;39;57;5;90;20;17;27;34;46;20;95;204;184;4;14;19;15;18;60;54;23;46;29;23;8;146;10;28;9;8;46;13;40;5;27;14;10;52;13;1;10;82;12;18;15;3;102;24;38;33
"Bacteria;Firmicutes;Clostridia;Clostridiales;Lachnospiraceae;Roseburia;";8;5;2;0;8;94;4;16;20;7;17;2;8;20;2;100;5;11;0;30;1;107;8;37;2;5;1;4;4;1;16;80;7;11;8;2;6;20;32;41;9;110;7;5;44;28;41;5;1;2;0;61;29;27;9;11;13;42;13;35;1;12;2;4;0;37;6;0;1;4;3;8;16;39;16;0;0;4;9;6;17;1;3;18;10;25
"Bacteria;Firmicutes;Clostridia;Clostridiales;Lachnospiraceae;;";0;8;0;0;12;20;12;21;2;0;14;187;127;60;0;42;23;14;0;137;1;167;1;14;0;2;0;15;7;0;10;45;6;0;16;0;0;7;5;50;48;21;10;0;80;0;145;0;16;17;29;0;64;89;1;2;110;14;0;17;9;0;0;0;1;9;53;5;0;1;0;13;0;210;12;0;0;0;798;184;19;0;67;43;36;285
"Bacteria;Firmicutes;Clostridia;Clostridiales;Lachnospiraceae;Blautia;";1927;15;13;1;729;246;237;4;136;124;590;844;794;856;249;20;57;170;1431;2082;85;663;341;1192;946;1467;1465;1521;1485;5;1334;131;684;80;1111;238;2196;1011;720;933;1406;1895;973;1495;103;12;949;894;217;87;1504;2190;923;1103;286;675;2967;114;561;7;424;2032;2;1363;264;2306;1878;2;39;5;2839;1582;1559;2945;544;0;873;1232;48;2458;1237;27;892;428;575;2804
"Bacteria;Firmicutes;Clostridia;Clostridiales;Lachnospiraceae;Blautia;";82;6;0;11;89;70;1;18;5;2;87;62;89;3;118;18;98;146;299;43;153;7;7;94;58;27;45;8;2;38;30;20;20;2;11;1;54;14;23;33;23;36;10;16;39;18;165;200;32;11;28;46;7;21;16;34;240;115;2;25;25;12;70;92;7;22;6;6;0;19;14;28;227;30;64;0;26;29;42;1;17;9;4;33;22;87
"Bacteria;Firmicutes;Clostridia;Clostridiales;Ruminococcaceae;;";0;3;1;2;0;5;1;0;7;2;7;0;5;17;10;4;1;1;2;1;67;1;0;3;0;1;1;4;9;2;1;28;3;4;5;3;0;1;0;5;7;0;0;0;11;1;7;7;12;9;0;0;7;5;4;5;1;28;14;0;2;2;183;2;16;1;3;0;2;3;10;9;2;0;1;0;0;0;1;6;8;1;1;12;28;0
"Bacteria;Proteobacteria;Alphaproteobacteria;Rhodospirillales;Rhodospirillaceae;Thalassospira;";18;24;0;42;0;1;0;64;0;160;76;21;9;0;93;52;1;16;0;0;240;4;2;0;0;1;0;3;6;109;7;1;104;367;8;87;0;0;0;27;74;0;7;0;0;168;3;15;27;71;39;10;0;34;3;34;0;21;33;1;122;5;132;5;116;57;0;197;1;295;0;34;5;1;84;284;159;0;0;2;12;113;0;47;3;1
"Bacteria;Firmicutes;Clostridia;Clostridiales;Lachnospiraceae;;";67;102;108;2;0;0;0;0;42;12;25;65;26;93;14;0;0;0;26;20;15;87;0;63;46;107;122;168;102;26;105;90;26;3;52;0;28;36;39;0;46;49;48;69;0;21;0;39;83;65;0;20;64;33;120;44;38;0;0;22;0;86;5;142;7;32;0;0;103;10;0;24;0;47;62;0;21;63;33;48;50;0;0;0;83;54
"Bacteria;Firmicutes;Clostridia;Clostridiales;Lachnospiraceae;Roseburia;";0;257;0;0;0;0;0;0;445;0;11;0;0;0;0;0;0;0;0;6;0;0;180;16;0;492;0;0;0;1;0;0;0;0;0;0;0;0;0;14;0;0;0;0;5;1;214;0;0;507;0;0;0;0;0;0;0;283;0;0;0;0;0;0;0;0;638;0;0;0;10;0;0;0;0;0;0;0;0;1;0;0;490;0;0;0
"Bacteria;Firmicutes;Clostridia;Clostridiales;Ruminococcaceae;Ruminococcus;";32;17;3;10;6;88;69;23;112;58;62;88;29;4;71;12;6;25;5;18;52;57;3;15;5;23;3;44;38;47;139;38;152;113;16;9;6;29;0;48;99;27;10;47;16;50;21;23;23;24;68;56;21;106;15;71;2;39;118;66;8;4;39;27;27;67;14;39;23;42;3;33;29;4;104;28;48;30;1;18;38;32;2;29;14;7
"Bacteria;Firmicutes;Clostridia;Clostridiales;Lachnospiraceae;;";61;158;12;0;796;93;21;0;7;35;1;24;76;0;24;0;333;1029;297;0;23;57;0;62;104;498;41;3;22;0;180;215;0;0;30;0;20;129;27;42;58;146;24;99;621;1;151;152;1577;152;1;0;174;3;255;5;188;664;12;0;0;3;181;99;8;4;91;1;71;0;7;3;19;22;0;0;0;183;0;57;30;12;58;52;122;101
"Bacteria;Bacteroidetes;Bacteroidia;Bacteroidales;S24-7;;";31;12;9;174;301;298;40;94;18;160;257;13;46;3;412;148;277;324;76;13;100;46;17;60;2;204;0;19;13;57;37;205;191;443;112;140;7;31;0;234;346;36;60;9;178;156;174;28;95;64;163;98;6;123;11;302;12;402;38;54;45;15;124;17;151;271;12;486;15;413;2;243;11;10;334;560;276;5;71;15;285;421;32;293;320;20
"Bacteria;Firmicutes;Clostridia;Clostridiales;Lachnospiraceae;;";45;137;13;13;148;80;8;38;103;24;101;79;69;103;37;52;168;151;10;7;48;29;177;50;2;131;115;125;118;18;198;91;32;19;11;21;7;90;103;40;66;106;31;2;181;28;50;3;81;39;17;40;8;99;65;27;265;67;26;34;37;34;30;152;37;20;109;9;91;11;44;78;67;214;65;7;73;2;147;20;44;52;37;80;99;7
"Bacteria;Bacteroidetes;Bacteroidia;Bacteroidales;Rikenellaceae;;";2;4;1;52;1;44;6;18;0;118;13;1;7;0;546;124;3;8;0;2;247;3;2;2;1;2;0;0;1;150;4;20;34;86;0;373;1;2;0;3;25;10;12;7;5;198;7;0;1;5;159;7;1;3;0;22;1;8;9;7;130;5;326;4;306;21;0;96;2;297;0;30;1;4;32;518;353;0;1;0;8;550;1;6;16;0
"Bacteria;Bacteroidetes;Bacteroidia;Bacteroidales;S24-7;;";61;43;17;17;50;170;46;72;30;83;106;70;49;9;88;120;6;98;180;20;39;61;34;26;21;21;16;33;118;136;58;19;151;67;115;79;23;24;26;39;206;182;64;56;13;123;29;36;27;58;16;297;17;35;73;152;53;57;112;211;28;57;57;51;81;148;59;115;22;40;7;207;20;55;209;35;25;45;44;5;136;54;12;49;97;6
